date,code,action,shares,price,cost,fee,reason,revenue
2025-09-01,人工智能ETF,BUY,5000,1.5,7506.24,5.0,信号BUY,
2025-09-05,人工智能ETF,SELL,5000,1.379,,5.0,信号SELL,6889.64
2025-09-05,芯片ETF,BUY,9100,0.765,6967.83,5.0,信号BUY,
2025-09-08,芯片ETF,SELL,9100,0.763,,5.0,信号SELL,6936.97
2025-09-08,人工智能ETF,BUY,5100,1.358,6930.97,5.0,信号BUY,
2025-09-09,人工智能ETF,SELL,5100,1.329,,5.0,信号SELL,6772.92
2025-09-09,新能源车ETF,BUY,4100,1.653,6784.25,5.0,信号BUY,
2025-09-10,新能源车ETF,SELL,4100,1.627,,5.0,信号SELL,6663.88
2025-09-10,人工智能ETF,BUY,4900,1.369,6713.35,5.0,信号BUY,
2025-09-11,人工智能ETF,SELL,4900,1.46,,5.0,信号SELL,7148.05
2025-09-11,稀土ETF,BUY,8500,0.831,7070.58,5.0,信号BUY,
2025-09-12,稀土ETF,SELL,8500,0.851,,5.0,信号SELL,7226.14
2025-09-12,人工智能ETF,BUY,4900,1.471,7213.9,5.0,信号BUY,
2025-09-17,人工智能ETF,SELL,4900,1.476,,5.0,信号SELL,7226.34
2025-09-17,机器人ETF,BUY,4200,1.72,7227.22,5.0,信号BUY,
2025-09-18,机器人ETF,SELL,4200,1.698,,5.0,信号SELL,7128.48
2025-09-18,人工智能ETF,BUY,4800,1.486,7138.88,5.0,信号BUY,
2025-09-22,人工智能ETF,SELL,4800,1.501,,5.0,信号SELL,7198.58
2025-09-22,芯片ETF,BUY,8100,0.886,7184.25,5.0,信号BUY,
2025-09-23,芯片ETF,SELL,8100,0.883,,5.0,信号SELL,7144.66
2025-09-23,人工智能ETF,BUY,4800,1.502,7215.8,5.0,信号BUY,
2025-09-24,人工智能ETF,SELL,4800,1.524,,5.0,信号SELL,7308.81
2025-09-24,芯片ETF,BUY,7800,0.927,7238.63,5.0,信号BUY,
2025-09-25,芯片ETF,SELL,7800,0.929,,5.0,信号SELL,7238.12
2025-09-25,人工智能ETF,BUY,4600,1.57,7228.62,5.0,信号BUY,
2025-09-29,人工智能ETF,SELL,4600,1.533,,5.0,信号SELL,7045.41
2025-09-29,新能源车ETF,BUY,3800,1.85,7034.13,5.0,信号BUY,
2025-10-09,新能源车ETF,SELL,3800,1.946,,5.0,信号SELL,7390.09
2025-10-09,芯片ETF,BUY,7600,0.973,7403.28,5.0,信号BUY,
2025-10-10,芯片ETF,SELL,7600,0.914,,5.0,信号SELL,6938.57
2025-10-10,新能源车ETF,BUY,3800,1.831,6961.82,5.0,信号BUY,
2025-10-13,新能源车ETF,SELL,3800,1.836,,5.0,信号SELL,6972.72
2025-10-13,芯片ETF,BUY,7600,0.927,7053.16,5.0,信号BUY,
2025-10-15,芯片ETF,SELL,7600,0.888,,5.0,信号SELL,6741.27
2025-10-15,光伏ETF,BUY,7000,0.959,6721.06,5.0,信号BUY,
2025-10-16,光伏ETF,SELL,7000,0.967,,5.0,信号SELL,6760.84
2025-10-16,新能源车ETF,BUY,3700,1.801,6667.58,5.0,信号BUY,
2025-10-27,新能源车ETF,SELL,3700,1.813,,5.0,信号SELL,6704.12
2025-10-27,有色金属ETF,BUY,3900,1.744,6805.08,5.0,信号BUY,
2025-10-28,有色金属ETF,SELL,3900,1.683,,5.0,信号SELL,6560.54
2025-10-28,新能源车ETF,BUY,3600,1.821,6559.62,5.0,信号BUY,
2025-11-03,新能源车ETF,SELL,3600,1.862,,5.0,信号SELL,6698.93
2025-11-03,光伏ETF,BUY,6500,1.031,6703.53,5.0,信号BUY,
2025-11-10,光伏ETF,SELL,6500,1.08,,5.0,信号SELL,7017.45
2025-11-10,煤炭ETF,BUY,5800,1.21,7021.91,5.0,信号BUY,
2025-11-12,煤炭ETF,SELL,5800,1.175,,5.0,信号SELL,6811.36
2025-11-12,光伏ETF,BUY,6500,1.037,6742.59,5.0,信号BUY,
2025-11-13,光伏ETF,SELL,6500,1.053,,5.0,信号SELL,6842.21
2025-11-13,有色金属ETF,BUY,3800,1.797,6832.43,5.0,信号BUY,
2025-11-14,有色金属ETF,SELL,3800,1.757,,5.0,信号SELL,6672.97
2025-11-14,煤炭ETF,BUY,5700,1.177,6712.55,5.0,信号BUY,
2025-11-19,煤炭ETF,SELL,5700,1.15,,5.0,信号SELL,6551.55
2025-11-19,油气ETF,BUY,5600,1.181,6617.3,5.0,信号BUY,
2025-11-21,油气ETF,SELL,5600,1.135,,5.0,信号SELL,6352.65
2025-11-21,有色金属ETF,BUY,3800,1.652,6284.4,5.0,信号BUY,
2025-11-25,有色金属ETF,SELL,3800,1.671,,5.0,信号SELL,6346.66
2025-11-25,油气ETF,BUY,5600,1.131,6336.88,5.0,信号BUY,
2025-11-26,油气ETF,SELL,5600,1.121,,5.0,信号SELL,6274.37
2025-11-26,有色金属ETF,BUY,3700,1.677,6208.09,5.0,信号BUY,
2025-11-28,有色金属ETF,SELL,3700,1.701,,5.0,信号SELL,6290.34
2025-11-28,油气ETF,BUY,5600,1.147,6426.62,5.0,信号BUY,
2025-12-01,油气ETF,SELL,5600,1.164,,5.0,信号SELL,6514.81
2025-12-01,有色金属ETF,BUY,3700,1.759,6511.95,5.0,信号BUY,
2025-12-02,有色金属ETF,SELL,3700,1.728,,5.0,信号SELL,6390.09
2025-12-02,煤炭ETF,BUY,5800,1.1,6382.95,5.0,信号BUY,
2025-12-03,煤炭ETF,SELL,5800,1.103,,5.0,信号SELL,6394.39
2025-12-08,油气ETF,BUY,5500,1.163,6400.08,5.0,信号BUY,
2025-12-09,油气ETF,SELL,5500,1.144,,5.0,信号SELL,6288.55
2025-12-09,通信ETF,BUY,12400,0.506,6276.39,5.0,信号BUY,
2025-12-10,通信ETF,SELL,12400,0.509,,5.0,信号SELL,6309.51
2025-12-12,家电ETF,BUY,4100,1.511,6201.18,5.0,信号BUY,
2025-12-15,家电ETF,SELL,4100,1.502,,5.0,信号SELL,6152.15
2025-12-15,国防ETF,BUY,7600,0.824,6269.18,5.0,信号BUY,
2025-12-16,国防ETF,SELL,7600,0.815,,5.0,信号SELL,6187.3
2025-12-17,化工ETF,BUY,8200,0.756,6205.29,5.0,信号BUY,
2025-12-18,化工ETF,SELL,8200,0.753,,5.0,信号SELL,6168.53
2025-12-22,化工ETF,BUY,7900,0.781,6176.24,5.0,信号BUY,
2025-12-23,化工ETF,SELL,7900,0.782,,5.0,信号SELL,6171.42
2025-12-25,军工ETF,BUY,4600,1.319,6072.29,5.0,信号BUY,
2025-12-26,军工ETF,SELL,4600,1.33,,5.0,信号SELL,6113.01
2025-12-26,化工ETF,BUY,7500,0.821,6164.23,5.0,信号BUY,
2025-12-29,化工ETF,SELL,7500,0.809,,5.0,信号SELL,6060.89
2025-12-30,化工ETF,BUY,7300,0.827,6043.84,5.0,信号BUY,
2025-12-31,化工ETF,SELL,7300,0.823,,5.0,信号SELL,6001.18
2025-12-31,军工ETF,BUY,4400,1.375,6055.26,5.0,信号BUY,
2026-01-07,军工ETF,SELL,4400,1.438,,5.0,信号SELL,6321.5
2026-01-07,国防ETF,BUY,6600,0.949,6271.19,5.0,信号BUY,
2026-01-08,国防ETF,SELL,6600,0.995,,5.0,信号SELL,6558.74
2026-01-08,军工ETF,BUY,4300,1.507,6486.21,5.0,信号BUY,
2026-01-12,军工ETF,SELL,4300,1.679,,5.0,信号SELL,7216.75
2026-01-12,通信ETF,BUY,13500,0.541,7305.94,5.0,信号BUY,
2026-01-13,通信ETF,SELL,13500,0.519,,5.0,信号SELL,7004.47
2026-01-13,传媒ETF,BUY,5400,1.291,6976.04,5.0,信号BUY,
2026-01-15,传媒ETF,SELL,5400,1.257,,5.0,信号SELL,6783.4
2026-01-15,有色金属ETF,BUY,3000,2.209,6632.93,5.0,信号BUY,
2026-01-19,有色金属ETF,SELL,3000,2.174,,5.0,信号SELL,6516.2
2026-01-19,国防ETF,BUY,6500,1.03,6697.02,5.0,信号BUY,
2026-01-20,国防ETF,SELL,6500,0.996,,5.0,信号SELL,6465.78
2026-01-20,化工ETF,BUY,7200,0.901,6494.72,5.0,信号BUY,
2026-01-21,化工ETF,SELL,7200,0.905,,5.0,信号SELL,6508.42
2026-01-21,有色金属ETF,BUY,2800,2.256,6322.86,5.0,信号BUY,
2026-01-22,有色金属ETF,SELL,2800,2.233,,5.0,信号SELL,6246.41
2026-01-22,化工ETF,BUY,7000,0.919,6440.64,5.0,信号BUY,
2026-01-23,化工ETF,SELL,7000,0.925,,5.0,信号SELL,6467.28
2026-01-23,国防ETF,BUY,6000,1.066,6398.58,5.0,信号BUY,
2026-01-26,国防ETF,SELL,6000,1.023,,5.0,信号SELL,6135.77
2026-01-26,油气ETF,BUY,4600,1.337,6155.21,5.0,信号BUY,
2026-01-27,油气ETF,SELL,4600,1.317,,5.0,信号SELL,6053.3
2026-01-27,有色金属ETF,BUY,2500,2.395,5991.47,5.0,信号BUY,
2026-01-28,有色金属ETF,SELL,2500,2.545,,5.0,信号SELL,6357.94
2026-01-28,油气ETF,BUY,4700,1.368,6434.83,5.0,信号BUY,
2026-01-29,油气ETF,SELL,4700,1.383,,5.0,信号SELL,6494.74
2026-01-29,有色金属ETF,BUY,2500,2.599,6502.23,5.0,信号BUY,
2026-02-02,有色金属ETF,SELL,2500,2.102,,5.0,信号SELL,5249.61
2026-02-02,传媒ETF,BUY,4400,1.186,5222.41,5.0,信号BUY,
2026-02-03,传媒ETF,SELL,4400,1.223,,5.0,信号SELL,5376.92
2026-02-03,通信ETF,BUY,10000,0.543,5433.13,5.0,信号BUY,
2026-02-04,通信ETF,SELL,10000,0.525,,5.0,信号SELL,5247.11
2026-02-04,国防ETF,BUY,5200,1.008,5244.05,5.0,信号BUY,
2026-02-06,国防ETF,SELL,5200,0.977,,5.0,信号SELL,5072.97
2026-02-06,化工ETF,BUY,5700,0.895,5108.44,5.0,信号BUY,
2026-02-09,化工ETF,SELL,5700,0.905,,5.0,信号SELL,5151.45
2026-02-09,传媒ETF,BUY,4200,1.211,5090.42,5.0,信号BUY,
2026-02-12,传媒ETF,SELL,4200,1.233,,5.0,信号SELL,5174.22
2026-02-12,稀土ETF,BUY,5100,1.03,5255.66,5.0,信号BUY,
2026-02-13,稀土ETF,SELL,5100,0.999,,5.0,信号SELL,5087.35
2026-02-13,传媒ETF,BUY,4200,1.213,5098.83,5.0,信号BUY,
2026-02-24,传媒ETF,SELL,4200,1.172,,5.0,信号SELL,4918.4
2026-02-24,化工ETF,BUY,5200,0.94,4895.12,5.0,信号BUY,
2026-02-26,化工ETF,SELL,5200,0.955,,5.0,信号SELL,4958.74
2026-02-26,稀土ETF,BUY,4600,1.073,4938.99,5.0,信号BUY,
2026-03-02,稀土ETF,SELL,4600,1.112,,5.0,信号SELL,5111.71
2026-03-02,有色金属ETF,BUY,2000,2.502,5008.49,5.0,信号BUY,
2026-03-03,有色金属ETF,SELL,2000,2.358,,5.0,信号SELL,4711.91
2026-03-03,煤炭ETF,BUY,3700,1.285,4759.22,5.0,信号BUY,
2026-03-04,煤炭ETF,SELL,3700,1.253,,5.0,信号SELL,4631.53
2026-03-04,油气ETF,BUY,2800,1.665,4668.38,5.0,信号BUY,
2026-03-10,油气ETF,SELL,2800,1.541,,5.0,信号SELL,4308.92
2026-03-10,电力ETF,BUY,3800,1.151,4377.75,5.0,信号BUY,
2026-03-16,电力ETF,SELL,3800,1.145,,5.0,信号SELL,4347.06
2026-03-16,油气ETF,BUY,2800,1.534,4301.03,5.0,信号BUY,
2026-03-17,油气ETF,SELL,2800,1.502,,5.0,信号SELL,4199.88
2026-03-26,电力ETF,BUY,3500,1.191,4172.74,5.0,信号BUY,
2026-03-27,电力ETF,SELL,3500,1.175,,5.0,信号SELL,4108.32
2026-04-08,煤炭ETF,BUY,3500,1.204,4218.31,5.0,信号BUY,
2026-04-09,煤炭ETF,SELL,3500,1.191,,5.0,信号SELL,4164.24
2026-04-14,通信ETF,BUY,6700,0.621,4165.23,5.0,信号BUY,
2026-04-15,通信ETF,SELL,6700,0.609,,5.0,信号SELL,4075.87
2026-04-16,通信ETF,BUY,6400,0.633,4055.87,5.0,信号BUY,
2026-04-22,通信ETF,SELL,6400,0.706,,5.0,信号SELL,4513.01
2026-04-22,电力ETF,BUY,4000,1.122,4491.72,5.0,信号BUY,
2026-04-23,电力ETF,SELL,4000,1.14,,5.0,信号SELL,4556.15
2026-04-23,通信ETF,BUY,6500,0.699,4548.81,5.0,信号BUY,
2026-04-30,通信ETF,SELL,6500,0.66,,5.0,信号SELL,4285.06
2026-04-30,人工智能ETF,BUY,2400,1.79,4300.23,5.0,信号BUY,
2026-05-07,人工智能ETF,SELL,2400,1.897,,5.0,信号SELL,4548.16
2026-05-07,通信ETF,BUY,6400,0.708,4536.59,5.0,信号BUY,
2026-05-19,通信ETF,SELL,6400,0.755,,5.0,信号SELL,4826.14
2026-05-19,半导体ETF,BUY,4500,1.068,4809.2,5.0,信号BUY,
2026-05-21,半导体ETF,SELL,4500,1.064,,5.0,信号SELL,4784.8
2026-05-21,芯片ETF,BUY,3800,1.241,4720.26,5.0,信号BUY,
2026-05-25,芯片ETF,SELL,3800,1.362,,5.0,信号SELL,5170.43
2026-05-25,通信ETF,BUY,6700,0.782,5245.55,5.0,信号BUY,
2026-05-26,通信ETF,SELL,6700,0.773,,5.0,信号SELL,5173.02
2026-05-26,芯片ETF,BUY,3800,1.356,5157.92,5.0,信号BUY,
2026-05-28,芯片ETF,SELL,3800,1.317,,5.0,信号SELL,4999.68
2026-05-28,半导体ETF,BUY,4300,1.149,4944.5,5.0,信号BUY,
2026-05-29,半导体ETF,SELL,4300,1.078,,5.0,信号SELL,4632.03
2026-05-29,通信ETF,BUY,5900,0.796,4702.54,5.0,信号BUY,
2026-06-01,通信ETF,SELL,5900,0.765,,5.0,信号SELL,4507.62
2026-06-01,半导体ETF,BUY,4400,1.025,4512.95,5.0,信号BUY,
2026-06-02,半导体ETF,SELL,4400,1.038,,5.0,信号SELL,4564.14
2026-06-02,芯片ETF,BUY,3800,1.2,4564.23,5.0,信号BUY,
2026-06-03,芯片ETF,SELL,3800,1.24,,5.0,信号SELL,4707.52
2026-06-03,通信ETF,BUY,5500,0.859,4731.08,5.0,信号BUY,
2026-06-04,通信ETF,SELL,5500,0.853,,5.0,信号SELL,4684.95
2026-06-04,芯片ETF,BUY,3600,1.267,4565.83,5.0,信号BUY,
2026-06-05,芯片ETF,SELL,3600,1.2,,5.0,信号SELL,4315.71
2026-06-05,通信ETF,BUY,5300,0.833,4421.21,5.0,信号BUY,
2026-06-09,通信ETF,SELL,5300,0.847,,5.0,信号SELL,4482.66
2026-06-09,人工智能ETF,BUY,2300,1.943,4473.69,5.0,信号BUY,
2026-06-10,人工智能ETF,SELL,2300,1.898,,5.0,信号SELL,4360.74
2026-06-10,通信ETF,BUY,5300,0.816,4330.98,5.0,信号BUY,
2026-06-11,通信ETF,SELL,5300,0.801,,5.0,信号SELL,4239.22
2026-06-11,半导体ETF,BUY,4000,1.067,4271.39,5.0,信号BUY,
2026-06-15,半导体ETF,SELL,4000,1.114,,5.0,信号SELL,4452.3
2026-06-15,煤炭ETF,BUY,3500,1.26,4414.6,5.0,信号BUY,
2026-06-16,煤炭ETF,SELL,3500,1.223,,5.0,信号SELL,4276.07
2026-06-16,半导体ETF,BUY,3800,1.129,4294.02,5.0,信号BUY,
2026-06-17,半导体ETF,SELL,3800,1.192,,5.0,信号SELL,4525.39
2026-06-17,通信ETF,BUY,5100,0.88,4494.62,5.0,信号BUY,
2026-06-18,通信ETF,SELL,5100,0.91,,5.0,信号SELL,4634.13
2026-06-18,芯片ETF,BUY,3300,1.41,4658.37,5.0,信号BUY,
2026-06-23,芯片ETF,SELL,3300,1.425,,5.0,信号SELL,4697.04
2026-06-23,半导体ETF,BUY,3700,1.258,4659.17,5.0,信号BUY,
2026-06-24,半导体ETF,SELL,3700,1.324,,5.0,信号SELL,4893.84
2026-06-24,通信ETF,BUY,5400,0.915,4948.0,5.0,信号BUY,
2026-06-25,通信ETF,SELL,5400,0.941,,5.0,信号SELL,5074.17
2026-06-25,半导体ETF,BUY,3600,1.389,5005.69,5.0,信号BUY,
2026-06-29,半导体ETF,SELL,3600,1.453,,5.0,信号SELL,5225.14
2026-06-29,通信ETF,BUY,6100,0.859,5246.65,5.0,信号BUY,
2026-06-30,通信ETF,SELL,6100,0.897,,5.0,信号SELL,5464.58
2026-06-30,半导体ETF,BUY,3600,1.505,5423.92,5.0,信号BUY,
2026-07-02,半导体ETF,SELL,3600,1.348,,5.0,信号SELL,4847.71
2026-07-07,芯片ETF,BUY,3200,1.503,4815.4,5.0,信号BUY,
2026-07-08,芯片ETF,SELL,3200,1.491,,5.0,信号SELL,4765.43
2026-07-08,半导体ETF,BUY,3600,1.341,4832.63,5.0,信号BUY,
2026-07-09,半导体ETF,SELL,3600,1.469,,5.0,信号SELL,5282.66
2026-07-09,券商ETF,BUY,9800,0.543,5324.57,5.0,信号BUY,
2026-07-10,券商ETF,SELL,9800,0.531,,5.0,信号SELL,5200.78
2026-07-10,半导体ETF,BUY,3800,1.371,5215.0,5.0,信号BUY,
2026-07-13,半导体ETF,SELL,3800,1.29,,5.0,信号SELL,4897.24
2026-07-13,芯片ETF,BUY,3300,1.46,4823.62,5.0,信号BUY,
2026-07-14,芯片ETF,SELL,3300,1.479,,5.0,信号SELL,4874.97
