时间,代码,日线信号,小时信号,最终操作,日线得分,原因,运行ID
2026-07-24 23:30:55,510300,BUY,BUY,BUY,6,日线多头排列 + 小时线确认,20260724_233055
2026-07-24 23:30:55,159915,BUY,SELL,HOLD,-2,"日线看多但小时线看空, 等待",20260724_233055
2026-07-24 23:30:55,512800,HOLD,,HOLD,1,日线无明确方向,20260724_233055
2026-07-24 23:42:04,沪深300ETF,BUY,,BUY,2,仅日线信号: BUY (无小时线数据),20260724_234151
2026-07-24 23:42:04,创业板ETF,BUY,,BUY,1,仅日线信号: BUY (无小时线数据),20260724_234151
2026-07-24 23:42:04,科创50ETF,BUY,,BUY,1,仅日线信号: BUY (无小时线数据),20260724_234151
2026-07-24 23:42:04,半导体ETF,BUY,,BUY,1,仅日线信号: BUY (无小时线数据),20260724_234151
2026-07-24 23:42:04,芯片ETF,BUY,,BUY,1,仅日线信号: BUY (无小时线数据),20260724_234151
2026-07-24 23:42:04,黄金ETF,BUY,,BUY,1,仅日线信号: BUY (无小时线数据),20260724_234151
2026-07-24 23:42:04,通信ETF,BUY,,BUY,1,仅日线信号: BUY (无小时线数据),20260724_234151
2026-07-24 23:42:04,沪深300ETF,BUY,,BUY,1,仅日线信号: BUY (无小时线数据),20260724_234151
2026-07-24 23:42:04,创业板ETF,BUY,,BUY,1,仅日线信号: BUY (无小时线数据),20260724_234151
2026-07-24 23:42:04,科创50ETF,BUY,,BUY,1,仅日线信号: BUY (无小时线数据),20260724_234151
2026-07-24 23:42:04,半导体ETF,BUY,,BUY,1,仅日线信号: BUY (无小时线数据),20260724_234151
2026-07-24 23:42:04,芯片ETF,BUY,,BUY,1,仅日线信号: BUY (无小时线数据),20260724_234151
2026-07-24 23:42:04,黄金ETF,BUY,,BUY,1,仅日线信号: BUY (无小时线数据),20260724_234151
2026-07-24 23:42:04,通信ETF,BUY,,BUY,1,仅日线信号: BUY (无小时线数据),20260724_234151
2026-07-24 23:42:04,沪深300ETF,BUY,,BUY,1,仅日线信号: BUY (无小时线数据),20260724_234151
2026-07-24 23:42:04,创业板ETF,BUY,,BUY,1,仅日线信号: BUY (无小时线数据),20260724_234151
2026-07-24 23:42:04,科创50ETF,BUY,,BUY,1,仅日线信号: BUY (无小时线数据),20260724_234151
2026-07-24 23:42:04,半导体ETF,BUY,,BUY,1,仅日线信号: BUY (无小时线数据),20260724_234151
2026-07-24 23:42:04,芯片ETF,BUY,,BUY,1,仅日线信号: BUY (无小时线数据),20260724_234151
2026-07-24 23:42:04,黄金ETF,BUY,,BUY,1,仅日线信号: BUY (无小时线数据),20260724_234151
2026-07-24 23:42:04,通信ETF,BUY,,BUY,1,仅日线信号: BUY (无小时线数据),20260724_234151
2026-07-24 23:42:04,沪深300ETF,BUY,,BUY,1,仅日线信号: BUY (无小时线数据),20260724_234151
2026-07-24 23:42:04,创业板ETF,BUY,,BUY,1,仅日线信号: BUY (无小时线数据),20260724_234151
2026-07-24 23:42:04,科创50ETF,BUY,,BUY,1,仅日线信号: BUY (无小时线数据),20260724_234151
2026-07-24 23:42:04,半导体ETF,BUY,,BUY,1,仅日线信号: BUY (无小时线数据),20260724_234151
2026-07-24 23:42:04,芯片ETF,BUY,,BUY,1,仅日线信号: BUY (无小时线数据),20260724_234151
2026-07-24 23:42:04,黄金ETF,BUY,,BUY,1,仅日线信号: BUY (无小时线数据),20260724_234151
2026-07-24 23:42:04,通信ETF,BUY,,BUY,1,仅日线信号: BUY (无小时线数据),20260724_234151
2026-07-24 23:42:04,沪深300ETF,BUY,,BUY,1,仅日线信号: BUY (无小时线数据),20260724_234151
2026-07-24 23:42:04,创业板ETF,BUY,,BUY,1,仅日线信号: BUY (无小时线数据),20260724_234151
2026-07-24 23:42:04,科创50ETF,BUY,,BUY,1,仅日线信号: BUY (无小时线数据),20260724_234151
2026-07-24 23:42:04,半导体ETF,BUY,,BUY,1,仅日线信号: BUY (无小时线数据),20260724_234151
2026-07-24 23:42:04,芯片ETF,BUY,,BUY,1,仅日线信号: BUY (无小时线数据),20260724_234151
2026-07-24 23:42:04,黄金ETF,BUY,,BUY,1,仅日线信号: BUY (无小时线数据),20260724_234151
2026-07-24 23:42:04,通信ETF,BUY,,BUY,1,仅日线信号: BUY (无小时线数据),20260724_234151
2026-07-24 23:42:04,沪深300ETF,BUY,,BUY,1,仅日线信号: BUY (无小时线数据),20260724_234151
2026-07-24 23:42:04,创业板ETF,BUY,,BUY,1,仅日线信号: BUY (无小时线数据),20260724_234151
2026-07-24 23:42:04,科创50ETF,BUY,,BUY,1,仅日线信号: BUY (无小时线数据),20260724_234151
2026-07-24 23:42:04,半导体ETF,BUY,,BUY,1,仅日线信号: BUY (无小时线数据),20260724_234151
2026-07-24 23:42:04,芯片ETF,BUY,,BUY,1,仅日线信号: BUY (无小时线数据),20260724_234151
2026-07-24 23:42:04,黄金ETF,BUY,,BUY,1,仅日线信号: BUY (无小时线数据),20260724_234151
2026-07-24 23:42:04,通信ETF,BUY,,BUY,1,仅日线信号: BUY (无小时线数据),20260724_234151
2026-07-24 23:42:04,沪深300ETF,BUY,,BUY,1,仅日线信号: BUY (无小时线数据),20260724_234151
2026-07-24 23:42:04,创业板ETF,BUY,,BUY,1,仅日线信号: BUY (无小时线数据),20260724_234151
2026-07-24 23:42:04,科创50ETF,BUY,,BUY,1,仅日线信号: BUY (无小时线数据),20260724_234151
2026-07-24 23:42:04,半导体ETF,BUY,,BUY,1,仅日线信号: BUY (无小时线数据),20260724_234151
2026-07-24 23:42:04,芯片ETF,BUY,,BUY,1,仅日线信号: BUY (无小时线数据),20260724_234151
2026-07-24 23:42:04,黄金ETF,BUY,,BUY,1,仅日线信号: BUY (无小时线数据),20260724_234151
2026-07-24 23:42:04,通信ETF,BUY,,BUY,1,仅日线信号: BUY (无小时线数据),20260724_234151
2026-07-24 23:42:04,沪深300ETF,BUY,,BUY,1,仅日线信号: BUY (无小时线数据),20260724_234151
2026-07-24 23:42:04,创业板ETF,BUY,,BUY,1,仅日线信号: BUY (无小时线数据),20260724_234151
2026-07-24 23:42:04,科创50ETF,BUY,,BUY,1,仅日线信号: BUY (无小时线数据),20260724_234151
2026-07-24 23:42:04,半导体ETF,BUY,,BUY,1,仅日线信号: BUY (无小时线数据),20260724_234151
2026-07-24 23:42:04,芯片ETF,BUY,,BUY,1,仅日线信号: BUY (无小时线数据),20260724_234151
2026-07-24 23:42:04,黄金ETF,BUY,,BUY,1,仅日线信号: BUY (无小时线数据),20260724_234151
2026-07-24 23:42:04,通信ETF,BUY,,BUY,2,仅日线信号: BUY (无小时线数据),20260724_234151
2026-07-24 23:42:04,沪深300ETF,BUY,,BUY,1,仅日线信号: BUY (无小时线数据),20260724_234151
2026-07-24 23:42:04,创业板ETF,BUY,,BUY,1,仅日线信号: BUY (无小时线数据),20260724_234151
2026-07-24 23:42:04,科创50ETF,BUY,,BUY,1,仅日线信号: BUY (无小时线数据),20260724_234151
2026-07-24 23:42:04,半导体ETF,BUY,,BUY,1,仅日线信号: BUY (无小时线数据),20260724_234151
2026-07-24 23:42:04,芯片ETF,BUY,,BUY,1,仅日线信号: BUY (无小时线数据),20260724_234151
2026-07-24 23:42:04,黄金ETF,BUY,,BUY,1,仅日线信号: BUY (无小时线数据),20260724_234151
2026-07-24 23:42:04,通信ETF,BUY,,BUY,1,仅日线信号: BUY (无小时线数据),20260724_234151
2026-07-24 23:42:04,沪深300ETF,BUY,,BUY,1,仅日线信号: BUY (无小时线数据),20260724_234151
2026-07-24 23:42:04,创业板ETF,BUY,,BUY,2,仅日线信号: BUY (无小时线数据),20260724_234151
2026-07-24 23:42:04,科创50ETF,BUY,,BUY,1,仅日线信号: BUY (无小时线数据),20260724_234151
2026-07-24 23:42:04,半导体ETF,BUY,,BUY,1,仅日线信号: BUY (无小时线数据),20260724_234151
2026-07-24 23:42:04,芯片ETF,BUY,,BUY,1,仅日线信号: BUY (无小时线数据),20260724_234151
2026-07-24 23:42:05,黄金ETF,BUY,,BUY,1,仅日线信号: BUY (无小时线数据),20260724_234151
2026-07-24 23:42:05,通信ETF,BUY,,BUY,2,仅日线信号: BUY (无小时线数据),20260724_234151
2026-07-24 23:42:05,沪深300ETF,BUY,,BUY,2,仅日线信号: BUY (无小时线数据),20260724_234151
2026-07-24 23:42:05,创业板ETF,BUY,,BUY,2,仅日线信号: BUY (无小时线数据),20260724_234151
2026-07-24 23:42:05,科创50ETF,BUY,,BUY,1,仅日线信号: BUY (无小时线数据),20260724_234151
2026-07-24 23:42:05,半导体ETF,BUY,,BUY,1,仅日线信号: BUY (无小时线数据),20260724_234151
2026-07-24 23:42:05,芯片ETF,BUY,,BUY,1,仅日线信号: BUY (无小时线数据),20260724_234151
2026-07-24 23:42:05,黄金ETF,BUY,,BUY,1,仅日线信号: BUY (无小时线数据),20260724_234151
2026-07-24 23:42:05,通信ETF,BUY,,BUY,2,仅日线信号: BUY (无小时线数据),20260724_234151
2026-07-24 23:42:05,沪深300ETF,BUY,,BUY,2,仅日线信号: BUY (无小时线数据),20260724_234151
2026-07-24 23:42:05,创业板ETF,BUY,,BUY,3,仅日线信号: BUY (无小时线数据),20260724_234151
2026-07-24 23:42:05,科创50ETF,BUY,,BUY,2,仅日线信号: BUY (无小时线数据),20260724_234151
2026-07-24 23:42:05,半导体ETF,BUY,,BUY,2,仅日线信号: BUY (无小时线数据),20260724_234151
2026-07-24 23:42:05,芯片ETF,BUY,,BUY,2,仅日线信号: BUY (无小时线数据),20260724_234151
2026-07-24 23:42:05,黄金ETF,BUY,,BUY,1,仅日线信号: BUY (无小时线数据),20260724_234151
2026-07-24 23:42:05,沪深300ETF,BUY,,BUY,2,仅日线信号: BUY (无小时线数据),20260724_234151
2026-07-24 23:42:05,科创50ETF,BUY,,BUY,2,仅日线信号: BUY (无小时线数据),20260724_234151
2026-07-24 23:42:05,半导体ETF,BUY,,BUY,2,仅日线信号: BUY (无小时线数据),20260724_234151
2026-07-24 23:42:05,芯片ETF,BUY,,BUY,2,仅日线信号: BUY (无小时线数据),20260724_234151
2026-07-24 23:42:05,黄金ETF,BUY,,BUY,1,仅日线信号: BUY (无小时线数据),20260724_234151
2026-07-24 23:42:05,沪深300ETF,BUY,,BUY,2,仅日线信号: BUY (无小时线数据),20260724_234151
2026-07-24 23:42:05,科创50ETF,BUY,,BUY,2,仅日线信号: BUY (无小时线数据),20260724_234151
2026-07-24 23:42:05,半导体ETF,BUY,,BUY,2,仅日线信号: BUY (无小时线数据),20260724_234151
2026-07-24 23:42:05,芯片ETF,BUY,,BUY,2,仅日线信号: BUY (无小时线数据),20260724_234151
2026-07-24 23:42:05,黄金ETF,BUY,,BUY,1,仅日线信号: BUY (无小时线数据),20260724_234151
2026-07-24 23:42:05,沪深300ETF,BUY,,BUY,1,仅日线信号: BUY (无小时线数据),20260724_234151
2026-07-24 23:42:05,半导体ETF,BUY,,BUY,3,仅日线信号: BUY (无小时线数据),20260724_234151
2026-07-24 23:42:05,黄金ETF,BUY,,BUY,1,仅日线信号: BUY (无小时线数据),20260724_234151
2026-07-24 23:42:05,黄金ETF,BUY,,BUY,1,仅日线信号: BUY (无小时线数据),20260724_234151
2026-07-24 23:42:05,沪深300ETF,BUY,,BUY,2,仅日线信号: BUY (无小时线数据),20260724_234151
2026-07-24 23:42:05,黄金ETF,BUY,,BUY,1,仅日线信号: BUY (无小时线数据),20260724_234151
2026-07-24 23:42:05,沪深300ETF,BUY,,BUY,2,仅日线信号: BUY (无小时线数据),20260724_234151
2026-07-24 23:42:05,黄金ETF,BUY,,BUY,1,仅日线信号: BUY (无小时线数据),20260724_234151
2026-07-24 23:42:05,黄金ETF,BUY,,BUY,1,仅日线信号: BUY (无小时线数据),20260724_234151
2026-07-24 23:42:05,沪深300ETF,BUY,,BUY,1,仅日线信号: BUY (无小时线数据),20260724_234151
2026-07-24 23:42:05,黄金ETF,BUY,,BUY,2,仅日线信号: BUY (无小时线数据),20260724_234151
2026-07-24 23:42:05,通信ETF,BUY,,BUY,1,仅日线信号: BUY (无小时线数据),20260724_234151
2026-07-24 23:42:05,沪深300ETF,BUY,,BUY,1,仅日线信号: BUY (无小时线数据),20260724_234151
2026-07-24 23:42:05,创业板ETF,BUY,,BUY,1,仅日线信号: BUY (无小时线数据),20260724_234151
2026-07-24 23:42:05,黄金ETF,BUY,,BUY,2,仅日线信号: BUY (无小时线数据),20260724_234151
2026-07-24 23:42:05,通信ETF,BUY,,BUY,1,仅日线信号: BUY (无小时线数据),20260724_234151
2026-07-24 23:42:05,沪深300ETF,BUY,,BUY,1,仅日线信号: BUY (无小时线数据),20260724_234151
2026-07-24 23:42:05,创业板ETF,BUY,,BUY,1,仅日线信号: BUY (无小时线数据),20260724_234151
2026-07-24 23:42:05,科创50ETF,BUY,,BUY,2,仅日线信号: BUY (无小时线数据),20260724_234151
2026-07-24 23:42:05,半导体ETF,BUY,,BUY,1,仅日线信号: BUY (无小时线数据),20260724_234151
2026-07-24 23:42:05,芯片ETF,BUY,,BUY,1,仅日线信号: BUY (无小时线数据),20260724_234151
2026-07-24 23:42:05,黄金ETF,BUY,,BUY,3,仅日线信号: BUY (无小时线数据),20260724_234151
2026-07-24 23:42:05,通信ETF,BUY,,BUY,1,仅日线信号: BUY (无小时线数据),20260724_234151
2026-07-24 23:42:05,沪深300ETF,BUY,,BUY,1,仅日线信号: BUY (无小时线数据),20260724_234151
2026-07-24 23:42:05,创业板ETF,BUY,,BUY,1,仅日线信号: BUY (无小时线数据),20260724_234151
2026-07-24 23:42:05,科创50ETF,BUY,,BUY,1,仅日线信号: BUY (无小时线数据),20260724_234151
2026-07-24 23:42:05,半导体ETF,BUY,,BUY,1,仅日线信号: BUY (无小时线数据),20260724_234151
2026-07-24 23:42:05,芯片ETF,BUY,,BUY,1,仅日线信号: BUY (无小时线数据),20260724_234151
2026-07-24 23:42:05,黄金ETF,BUY,,BUY,2,仅日线信号: BUY (无小时线数据),20260724_234151
2026-07-24 23:42:05,通信ETF,BUY,,BUY,1,仅日线信号: BUY (无小时线数据),20260724_234151
2026-07-24 23:42:05,沪深300ETF,BUY,,BUY,1,仅日线信号: BUY (无小时线数据),20260724_234151
2026-07-24 23:42:05,创业板ETF,BUY,,BUY,1,仅日线信号: BUY (无小时线数据),20260724_234151
2026-07-24 23:42:05,科创50ETF,BUY,,BUY,2,仅日线信号: BUY (无小时线数据),20260724_234151
2026-07-24 23:42:05,半导体ETF,BUY,,BUY,0,仅日线信号: BUY (无小时线数据),20260724_234151
2026-07-24 23:42:06,芯片ETF,BUY,,BUY,0,仅日线信号: BUY (无小时线数据),20260724_234151
2026-07-24 23:42:06,通信ETF,BUY,,BUY,1,仅日线信号: BUY (无小时线数据),20260724_234151
2026-07-24 23:42:06,沪深300ETF,BUY,,BUY,2,仅日线信号: BUY (无小时线数据),20260724_234151
2026-07-24 23:42:06,创业板ETF,BUY,,BUY,0,仅日线信号: BUY (无小时线数据),20260724_234151
2026-07-24 23:42:06,科创50ETF,BUY,,BUY,0,仅日线信号: BUY (无小时线数据),20260724_234151
2026-07-24 23:42:06,半导体ETF,BUY,,BUY,1,仅日线信号: BUY (无小时线数据),20260724_234151
2026-07-24 23:42:06,芯片ETF,BUY,,BUY,1,仅日线信号: BUY (无小时线数据),20260724_234151
2026-07-24 23:42:06,通信ETF,BUY,,BUY,0,仅日线信号: BUY (无小时线数据),20260724_234151
2026-07-24 23:42:06,沪深300ETF,BUY,,BUY,2,仅日线信号: BUY (无小时线数据),20260724_234151
2026-07-24 23:42:06,创业板ETF,BUY,,BUY,2,仅日线信号: BUY (无小时线数据),20260724_234151
2026-07-24 23:42:06,科创50ETF,BUY,,BUY,1,仅日线信号: BUY (无小时线数据),20260724_234151
2026-07-24 23:42:06,半导体ETF,BUY,,BUY,1,仅日线信号: BUY (无小时线数据),20260724_234151
2026-07-24 23:42:06,芯片ETF,BUY,,BUY,1,仅日线信号: BUY (无小时线数据),20260724_234151
2026-07-24 23:42:06,通信ETF,BUY,,BUY,2,仅日线信号: BUY (无小时线数据),20260724_234151
2026-07-24 23:42:06,沪深300ETF,BUY,,BUY,2,仅日线信号: BUY (无小时线数据),20260724_234151
2026-07-24 23:42:06,创业板ETF,BUY,,BUY,0,仅日线信号: BUY (无小时线数据),20260724_234151
2026-07-24 23:42:06,通信ETF,BUY,,BUY,0,仅日线信号: BUY (无小时线数据),20260724_234151
2026-07-24 23:42:06,沪深300ETF,BUY,,BUY,0,仅日线信号: BUY (无小时线数据),20260724_234151
2026-07-24 23:42:06,创业板ETF,BUY,,BUY,0,仅日线信号: BUY (无小时线数据),20260724_234151
2026-07-24 23:42:06,通信ETF,BUY,,BUY,2,仅日线信号: BUY (无小时线数据),20260724_234151
2026-07-24 23:42:06,沪深300ETF,BUY,,BUY,0,仅日线信号: BUY (无小时线数据),20260724_234151
2026-07-24 23:42:06,创业板ETF,BUY,,BUY,0,仅日线信号: BUY (无小时线数据),20260724_234151
2026-07-24 23:42:06,通信ETF,BUY,,BUY,2,仅日线信号: BUY (无小时线数据),20260724_234151
2026-07-24 23:42:06,沪深300ETF,BUY,,BUY,2,仅日线信号: BUY (无小时线数据),20260724_234151
2026-07-24 23:42:06,创业板ETF,BUY,,BUY,2,仅日线信号: BUY (无小时线数据),20260724_234151
2026-07-24 23:42:06,通信ETF,BUY,,BUY,2,仅日线信号: BUY (无小时线数据),20260724_234151
2026-07-24 23:42:06,沪深300ETF,BUY,,BUY,2,仅日线信号: BUY (无小时线数据),20260724_234151
2026-07-24 23:42:06,创业板ETF,BUY,,BUY,2,仅日线信号: BUY (无小时线数据),20260724_234151
2026-07-24 23:42:06,通信ETF,BUY,,BUY,2,仅日线信号: BUY (无小时线数据),20260724_234151
2026-07-24 23:42:06,沪深300ETF,BUY,,BUY,2,仅日线信号: BUY (无小时线数据),20260724_234151
2026-07-24 23:42:06,创业板ETF,BUY,,BUY,2,仅日线信号: BUY (无小时线数据),20260724_234151
2026-07-24 23:42:06,沪深300ETF,BUY,,BUY,2,仅日线信号: BUY (无小时线数据),20260724_234151
2026-07-24 23:42:06,创业板ETF,BUY,,BUY,2,仅日线信号: BUY (无小时线数据),20260724_234151
2026-07-24 23:42:06,半导体ETF,SELL,,SELL,-1,仅日线信号: SELL (无小时线数据),20260724_234151
2026-07-24 23:42:06,沪深300ETF,BUY,,BUY,2,仅日线信号: BUY (无小时线数据),20260724_234151
2026-07-24 23:42:06,创业板ETF,BUY,,BUY,2,仅日线信号: BUY (无小时线数据),20260724_234151
2026-07-24 23:42:06,半导体ETF,SELL,,SELL,-1,仅日线信号: SELL (无小时线数据),20260724_234151
2026-07-24 23:42:06,沪深300ETF,BUY,,BUY,2,仅日线信号: BUY (无小时线数据),20260724_234151
2026-07-24 23:42:06,科创50ETF,SELL,,SELL,-1,仅日线信号: SELL (无小时线数据),20260724_234151
2026-07-24 23:42:06,半导体ETF,SELL,,SELL,-1,仅日线信号: SELL (无小时线数据),20260724_234151
2026-07-24 23:42:06,芯片ETF,SELL,,SELL,-1,仅日线信号: SELL (无小时线数据),20260724_234151
2026-07-24 23:42:06,科创50ETF,SELL,,SELL,-1,仅日线信号: SELL (无小时线数据),20260724_234151
2026-07-24 23:42:06,半导体ETF,SELL,,SELL,-1,仅日线信号: SELL (无小时线数据),20260724_234151
2026-07-24 23:42:06,芯片ETF,SELL,,SELL,-1,仅日线信号: SELL (无小时线数据),20260724_234151
2026-07-24 23:42:06,黄金ETF,BUY,,BUY,0,仅日线信号: BUY (无小时线数据),20260724_234151
2026-07-24 23:42:06,科创50ETF,SELL,,SELL,-1,仅日线信号: SELL (无小时线数据),20260724_234151
2026-07-24 23:42:06,半导体ETF,SELL,,SELL,-1,仅日线信号: SELL (无小时线数据),20260724_234151
2026-07-24 23:42:06,芯片ETF,SELL,,SELL,-1,仅日线信号: SELL (无小时线数据),20260724_234151
2026-07-24 23:42:06,黄金ETF,BUY,,BUY,1,仅日线信号: BUY (无小时线数据),20260724_234151
2026-07-24 23:42:06,通信ETF,SELL,,SELL,-1,仅日线信号: SELL (无小时线数据),20260724_234151
2026-07-24 23:42:07,科创50ETF,SELL,,SELL,-1,仅日线信号: SELL (无小时线数据),20260724_234151
2026-07-24 23:42:07,半导体ETF,SELL,,SELL,-1,仅日线信号: SELL (无小时线数据),20260724_234151
2026-07-24 23:42:07,芯片ETF,SELL,,SELL,-1,仅日线信号: SELL (无小时线数据),20260724_234151
2026-07-24 23:42:07,黄金ETF,BUY,,BUY,0,仅日线信号: BUY (无小时线数据),20260724_234151
2026-07-24 23:42:07,通信ETF,SELL,,SELL,-1,仅日线信号: SELL (无小时线数据),20260724_234151
2026-07-24 23:42:07,创业板ETF,SELL,,SELL,-1,仅日线信号: SELL (无小时线数据),20260724_234151
2026-07-24 23:42:07,半导体ETF,SELL,,SELL,-1,仅日线信号: SELL (无小时线数据),20260724_234151
2026-07-24 23:42:07,黄金ETF,BUY,,BUY,0,仅日线信号: BUY (无小时线数据),20260724_234151
2026-07-24 23:42:07,通信ETF,SELL,,SELL,-1,仅日线信号: SELL (无小时线数据),20260724_234151
2026-07-24 23:42:07,黄金ETF,BUY,,BUY,0,仅日线信号: BUY (无小时线数据),20260724_234151
2026-07-24 23:42:07,黄金ETF,BUY,,BUY,0,仅日线信号: BUY (无小时线数据),20260724_234151
2026-07-24 23:42:07,创业板ETF,SELL,,SELL,-1,仅日线信号: SELL (无小时线数据),20260724_234151
2026-07-24 23:42:07,科创50ETF,SELL,,SELL,-1,仅日线信号: SELL (无小时线数据),20260724_234151
2026-07-24 23:42:07,半导体ETF,SELL,,SELL,-1,仅日线信号: SELL (无小时线数据),20260724_234151
2026-07-24 23:42:07,芯片ETF,SELL,,SELL,-1,仅日线信号: SELL (无小时线数据),20260724_234151
2026-07-24 23:42:07,黄金ETF,BUY,,BUY,2,仅日线信号: BUY (无小时线数据),20260724_234151
2026-07-24 23:42:07,通信ETF,SELL,,SELL,-1,仅日线信号: SELL (无小时线数据),20260724_234151
2026-07-24 23:42:07,沪深300ETF,SELL,,SELL,-1,仅日线信号: SELL (无小时线数据),20260724_234151
2026-07-24 23:42:07,创业板ETF,SELL,,SELL,-1,仅日线信号: SELL (无小时线数据),20260724_234151
2026-07-24 23:42:07,科创50ETF,SELL,,SELL,-1,仅日线信号: SELL (无小时线数据),20260724_234151
2026-07-24 23:42:07,半导体ETF,SELL,,SELL,-1,仅日线信号: SELL (无小时线数据),20260724_234151
2026-07-24 23:42:07,芯片ETF,SELL,,SELL,-1,仅日线信号: SELL (无小时线数据),20260724_234151
2026-07-24 23:42:07,黄金ETF,BUY,,BUY,2,仅日线信号: BUY (无小时线数据),20260724_234151
2026-07-24 23:42:07,通信ETF,SELL,,SELL,-2,仅日线信号: SELL (无小时线数据),20260724_234151
2026-07-24 23:42:07,沪深300ETF,SELL,,SELL,-1,仅日线信号: SELL (无小时线数据),20260724_234151
2026-07-24 23:42:07,创业板ETF,SELL,,SELL,-1,仅日线信号: SELL (无小时线数据),20260724_234151
2026-07-24 23:42:07,科创50ETF,SELL,,SELL,-1,仅日线信号: SELL (无小时线数据),20260724_234151
2026-07-24 23:42:07,半导体ETF,SELL,,SELL,-1,仅日线信号: SELL (无小时线数据),20260724_234151
2026-07-24 23:42:07,芯片ETF,SELL,,SELL,-1,仅日线信号: SELL (无小时线数据),20260724_234151
2026-07-24 23:42:07,黄金ETF,BUY,,BUY,2,仅日线信号: BUY (无小时线数据),20260724_234151
2026-07-24 23:42:07,通信ETF,SELL,,SELL,-2,仅日线信号: SELL (无小时线数据),20260724_234151
2026-07-24 23:42:07,沪深300ETF,SELL,,SELL,-1,仅日线信号: SELL (无小时线数据),20260724_234151
2026-07-24 23:42:07,创业板ETF,SELL,,SELL,-1,仅日线信号: SELL (无小时线数据),20260724_234151
2026-07-24 23:42:07,科创50ETF,SELL,,SELL,-1,仅日线信号: SELL (无小时线数据),20260724_234151
2026-07-24 23:42:07,半导体ETF,SELL,,SELL,-1,仅日线信号: SELL (无小时线数据),20260724_234151
2026-07-24 23:42:07,芯片ETF,SELL,,SELL,-1,仅日线信号: SELL (无小时线数据),20260724_234151
2026-07-24 23:42:07,黄金ETF,BUY,,BUY,2,仅日线信号: BUY (无小时线数据),20260724_234151
2026-07-24 23:42:07,通信ETF,SELL,,SELL,-2,仅日线信号: SELL (无小时线数据),20260724_234151
2026-07-24 23:42:07,沪深300ETF,SELL,,SELL,-2,仅日线信号: SELL (无小时线数据),20260724_234151
2026-07-24 23:42:07,创业板ETF,SELL,,SELL,-2,仅日线信号: SELL (无小时线数据),20260724_234151
2026-07-24 23:42:07,科创50ETF,SELL,,SELL,-1,仅日线信号: SELL (无小时线数据),20260724_234151
2026-07-24 23:42:07,半导体ETF,SELL,,SELL,-2,仅日线信号: SELL (无小时线数据),20260724_234151
2026-07-24 23:42:07,芯片ETF,SELL,,SELL,-1,仅日线信号: SELL (无小时线数据),20260724_234151
2026-07-24 23:42:07,黄金ETF,BUY,,BUY,1,仅日线信号: BUY (无小时线数据),20260724_234151
2026-07-24 23:42:07,沪深300ETF,SELL,,SELL,-1,仅日线信号: SELL (无小时线数据),20260724_234151
2026-07-24 23:42:07,创业板ETF,SELL,,SELL,-1,仅日线信号: SELL (无小时线数据),20260724_234151
2026-07-24 23:42:07,科创50ETF,SELL,,SELL,-1,仅日线信号: SELL (无小时线数据),20260724_234151
2026-07-24 23:42:07,半导体ETF,SELL,,SELL,-1,仅日线信号: SELL (无小时线数据),20260724_234151
2026-07-24 23:42:07,芯片ETF,SELL,,SELL,-1,仅日线信号: SELL (无小时线数据),20260724_234151
2026-07-24 23:42:07,黄金ETF,BUY,,BUY,2,仅日线信号: BUY (无小时线数据),20260724_234151
2026-07-24 23:42:07,通信ETF,BUY,,BUY,2,仅日线信号: BUY (无小时线数据),20260724_234151
2026-07-24 23:42:07,沪深300ETF,SELL,,SELL,-1,仅日线信号: SELL (无小时线数据),20260724_234151
2026-07-24 23:42:07,创业板ETF,SELL,,SELL,-1,仅日线信号: SELL (无小时线数据),20260724_234151
2026-07-24 23:42:07,科创50ETF,SELL,,SELL,-1,仅日线信号: SELL (无小时线数据),20260724_234151
2026-07-24 23:42:07,半导体ETF,SELL,,SELL,-1,仅日线信号: SELL (无小时线数据),20260724_234151
2026-07-24 23:42:07,芯片ETF,SELL,,SELL,-1,仅日线信号: SELL (无小时线数据),20260724_234151
2026-07-24 23:42:07,黄金ETF,BUY,,BUY,2,仅日线信号: BUY (无小时线数据),20260724_234151
2026-07-24 23:42:07,通信ETF,BUY,,BUY,2,仅日线信号: BUY (无小时线数据),20260724_234151
2026-07-24 23:42:07,沪深300ETF,SELL,,SELL,-1,仅日线信号: SELL (无小时线数据),20260724_234151
2026-07-24 23:42:07,创业板ETF,SELL,,SELL,-1,仅日线信号: SELL (无小时线数据),20260724_234151
2026-07-24 23:42:07,科创50ETF,SELL,,SELL,-1,仅日线信号: SELL (无小时线数据),20260724_234151
2026-07-24 23:42:07,芯片ETF,SELL,,SELL,-1,仅日线信号: SELL (无小时线数据),20260724_234151
2026-07-24 23:42:07,黄金ETF,BUY,,BUY,2,仅日线信号: BUY (无小时线数据),20260724_234151
2026-07-24 23:42:07,沪深300ETF,SELL,,SELL,-2,仅日线信号: SELL (无小时线数据),20260724_234151
2026-07-24 23:42:07,科创50ETF,SELL,,SELL,-1,仅日线信号: SELL (无小时线数据),20260724_234151
2026-07-24 23:42:07,黄金ETF,BUY,,BUY,2,仅日线信号: BUY (无小时线数据),20260724_234151
2026-07-24 23:42:07,通信ETF,BUY,,BUY,1,仅日线信号: BUY (无小时线数据),20260724_234151
2026-07-24 23:42:07,创业板ETF,BUY,,BUY,2,仅日线信号: BUY (无小时线数据),20260724_234151
2026-07-24 23:42:07,科创50ETF,SELL,,SELL,-2,仅日线信号: SELL (无小时线数据),20260724_234151
2026-07-24 23:42:08,黄金ETF,BUY,,BUY,2,仅日线信号: BUY (无小时线数据),20260724_234151
2026-07-24 23:42:08,通信ETF,BUY,,BUY,1,仅日线信号: BUY (无小时线数据),20260724_234151
2026-07-24 23:42:08,创业板ETF,BUY,,BUY,1,仅日线信号: BUY (无小时线数据),20260724_234151
2026-07-24 23:42:08,科创50ETF,SELL,,SELL,-1,仅日线信号: SELL (无小时线数据),20260724_234151
2026-07-24 23:42:08,黄金ETF,BUY,,BUY,0,仅日线信号: BUY (无小时线数据),20260724_234151
2026-07-24 23:42:08,通信ETF,BUY,,BUY,1,仅日线信号: BUY (无小时线数据),20260724_234151
2026-07-24 23:42:08,创业板ETF,BUY,,BUY,1,仅日线信号: BUY (无小时线数据),20260724_234151
2026-07-24 23:42:08,黄金ETF,BUY,,BUY,2,仅日线信号: BUY (无小时线数据),20260724_234151
2026-07-24 23:42:08,通信ETF,BUY,,BUY,1,仅日线信号: BUY (无小时线数据),20260724_234151
2026-07-24 23:42:08,黄金ETF,BUY,,BUY,0,仅日线信号: BUY (无小时线数据),20260724_234151
2026-07-24 23:42:08,通信ETF,BUY,,BUY,1,仅日线信号: BUY (无小时线数据),20260724_234151
2026-07-24 23:42:08,创业板ETF,BUY,,BUY,2,仅日线信号: BUY (无小时线数据),20260724_234151
2026-07-24 23:42:08,半导体ETF,BUY,,BUY,2,仅日线信号: BUY (无小时线数据),20260724_234151
2026-07-24 23:42:08,黄金ETF,BUY,,BUY,1,仅日线信号: BUY (无小时线数据),20260724_234151
2026-07-24 23:42:08,通信ETF,BUY,,BUY,1,仅日线信号: BUY (无小时线数据),20260724_234151
2026-07-24 23:42:08,创业板ETF,BUY,,BUY,2,仅日线信号: BUY (无小时线数据),20260724_234151
2026-07-24 23:42:08,黄金ETF,BUY,,BUY,1,仅日线信号: BUY (无小时线数据),20260724_234151
2026-07-24 23:42:08,通信ETF,BUY,,BUY,2,仅日线信号: BUY (无小时线数据),20260724_234151
2026-07-24 23:42:08,创业板ETF,BUY,,BUY,3,仅日线信号: BUY (无小时线数据),20260724_234151
2026-07-24 23:42:08,黄金ETF,BUY,,BUY,2,仅日线信号: BUY (无小时线数据),20260724_234151
2026-07-24 23:42:08,通信ETF,BUY,,BUY,2,仅日线信号: BUY (无小时线数据),20260724_234151
2026-07-24 23:42:08,创业板ETF,BUY,,BUY,2,仅日线信号: BUY (无小时线数据),20260724_234151
2026-07-24 23:42:08,黄金ETF,BUY,,BUY,1,仅日线信号: BUY (无小时线数据),20260724_234151
2026-07-24 23:42:08,通信ETF,BUY,,BUY,1,仅日线信号: BUY (无小时线数据),20260724_234151
2026-07-24 23:42:08,创业板ETF,BUY,,BUY,3,仅日线信号: BUY (无小时线数据),20260724_234151
2026-07-24 23:42:08,科创50ETF,SELL,,SELL,-1,仅日线信号: SELL (无小时线数据),20260724_234151
2026-07-24 23:42:08,黄金ETF,BUY,,BUY,1,仅日线信号: BUY (无小时线数据),20260724_234151
2026-07-24 23:42:08,通信ETF,BUY,,BUY,2,仅日线信号: BUY (无小时线数据),20260724_234151
2026-07-24 23:42:08,创业板ETF,BUY,,BUY,2,仅日线信号: BUY (无小时线数据),20260724_234151
2026-07-24 23:42:08,黄金ETF,BUY,,BUY,1,仅日线信号: BUY (无小时线数据),20260724_234151
2026-07-24 23:42:08,通信ETF,BUY,,BUY,2,仅日线信号: BUY (无小时线数据),20260724_234151
2026-07-24 23:42:08,沪深300ETF,BUY,,BUY,2,仅日线信号: BUY (无小时线数据),20260724_234151
2026-07-24 23:42:08,创业板ETF,BUY,,BUY,2,仅日线信号: BUY (无小时线数据),20260724_234151
2026-07-24 23:42:08,黄金ETF,BUY,,BUY,1,仅日线信号: BUY (无小时线数据),20260724_234151
2026-07-24 23:42:08,通信ETF,BUY,,BUY,1,仅日线信号: BUY (无小时线数据),20260724_234151
2026-07-24 23:42:08,沪深300ETF,BUY,,BUY,2,仅日线信号: BUY (无小时线数据),20260724_234151
2026-07-24 23:42:08,创业板ETF,BUY,,BUY,2,仅日线信号: BUY (无小时线数据),20260724_234151
2026-07-24 23:42:08,半导体ETF,BUY,,BUY,2,仅日线信号: BUY (无小时线数据),20260724_234151
2026-07-24 23:42:08,黄金ETF,BUY,,BUY,1,仅日线信号: BUY (无小时线数据),20260724_234151
2026-07-24 23:42:08,通信ETF,BUY,,BUY,1,仅日线信号: BUY (无小时线数据),20260724_234151
2026-07-24 23:42:08,沪深300ETF,BUY,,BUY,2,仅日线信号: BUY (无小时线数据),20260724_234151
2026-07-24 23:42:08,创业板ETF,BUY,,BUY,2,仅日线信号: BUY (无小时线数据),20260724_234151
2026-07-24 23:42:08,半导体ETF,BUY,,BUY,2,仅日线信号: BUY (无小时线数据),20260724_234151
2026-07-24 23:42:08,芯片ETF,BUY,,BUY,2,仅日线信号: BUY (无小时线数据),20260724_234151
2026-07-24 23:42:08,黄金ETF,BUY,,BUY,1,仅日线信号: BUY (无小时线数据),20260724_234151
2026-07-24 23:42:08,通信ETF,BUY,,BUY,1,仅日线信号: BUY (无小时线数据),20260724_234151
2026-07-24 23:42:08,沪深300ETF,BUY,,BUY,2,仅日线信号: BUY (无小时线数据),20260724_234151
2026-07-24 23:42:08,创业板ETF,BUY,,BUY,2,仅日线信号: BUY (无小时线数据),20260724_234151
2026-07-24 23:42:08,半导体ETF,BUY,,BUY,2,仅日线信号: BUY (无小时线数据),20260724_234151
2026-07-24 23:42:08,芯片ETF,BUY,,BUY,2,仅日线信号: BUY (无小时线数据),20260724_234151
2026-07-24 23:42:08,黄金ETF,BUY,,BUY,1,仅日线信号: BUY (无小时线数据),20260724_234151
2026-07-24 23:42:08,通信ETF,BUY,,BUY,1,仅日线信号: BUY (无小时线数据),20260724_234151
2026-07-24 23:42:08,沪深300ETF,BUY,,BUY,1,仅日线信号: BUY (无小时线数据),20260724_234151
2026-07-24 23:42:08,创业板ETF,BUY,,BUY,2,仅日线信号: BUY (无小时线数据),20260724_234151
2026-07-24 23:42:09,半导体ETF,BUY,,BUY,2,仅日线信号: BUY (无小时线数据),20260724_234151
2026-07-24 23:42:09,芯片ETF,BUY,,BUY,2,仅日线信号: BUY (无小时线数据),20260724_234151
2026-07-24 23:42:09,黄金ETF,BUY,,BUY,1,仅日线信号: BUY (无小时线数据),20260724_234151
2026-07-24 23:42:09,通信ETF,BUY,,BUY,1,仅日线信号: BUY (无小时线数据),20260724_234151
2026-07-24 23:42:09,沪深300ETF,BUY,,BUY,2,仅日线信号: BUY (无小时线数据),20260724_234151
2026-07-24 23:42:09,创业板ETF,BUY,,BUY,2,仅日线信号: BUY (无小时线数据),20260724_234151
2026-07-24 23:42:09,半导体ETF,BUY,,BUY,2,仅日线信号: BUY (无小时线数据),20260724_234151
2026-07-24 23:42:09,芯片ETF,BUY,,BUY,2,仅日线信号: BUY (无小时线数据),20260724_234151
2026-07-24 23:42:09,黄金ETF,BUY,,BUY,1,仅日线信号: BUY (无小时线数据),20260724_234151
2026-07-24 23:42:09,通信ETF,BUY,,BUY,1,仅日线信号: BUY (无小时线数据),20260724_234151
2026-07-24 23:42:09,沪深300ETF,BUY,,BUY,2,仅日线信号: BUY (无小时线数据),20260724_234151
2026-07-24 23:42:09,创业板ETF,BUY,,BUY,2,仅日线信号: BUY (无小时线数据),20260724_234151
2026-07-24 23:42:09,科创50ETF,BUY,,BUY,2,仅日线信号: BUY (无小时线数据),20260724_234151
2026-07-24 23:42:09,半导体ETF,BUY,,BUY,1,仅日线信号: BUY (无小时线数据),20260724_234151
2026-07-24 23:42:09,芯片ETF,BUY,,BUY,2,仅日线信号: BUY (无小时线数据),20260724_234151
2026-07-24 23:42:09,黄金ETF,BUY,,BUY,2,仅日线信号: BUY (无小时线数据),20260724_234151
2026-07-24 23:42:09,通信ETF,BUY,,BUY,1,仅日线信号: BUY (无小时线数据),20260724_234151
2026-07-24 23:42:09,沪深300ETF,BUY,,BUY,2,仅日线信号: BUY (无小时线数据),20260724_234151
2026-07-24 23:42:09,创业板ETF,BUY,,BUY,2,仅日线信号: BUY (无小时线数据),20260724_234151
2026-07-24 23:42:09,科创50ETF,BUY,,BUY,2,仅日线信号: BUY (无小时线数据),20260724_234151
2026-07-24 23:42:09,半导体ETF,BUY,,BUY,2,仅日线信号: BUY (无小时线数据),20260724_234151
2026-07-24 23:42:09,芯片ETF,BUY,,BUY,2,仅日线信号: BUY (无小时线数据),20260724_234151
2026-07-24 23:42:09,黄金ETF,BUY,,BUY,2,仅日线信号: BUY (无小时线数据),20260724_234151
2026-07-24 23:42:09,通信ETF,BUY,,BUY,1,仅日线信号: BUY (无小时线数据),20260724_234151
2026-07-24 23:42:09,沪深300ETF,BUY,,BUY,1,仅日线信号: BUY (无小时线数据),20260724_234151
2026-07-24 23:42:09,创业板ETF,BUY,,BUY,1,仅日线信号: BUY (无小时线数据),20260724_234151
2026-07-24 23:42:09,科创50ETF,BUY,,BUY,1,仅日线信号: BUY (无小时线数据),20260724_234151
2026-07-24 23:42:09,半导体ETF,BUY,,BUY,1,仅日线信号: BUY (无小时线数据),20260724_234151
2026-07-24 23:42:09,芯片ETF,BUY,,BUY,1,仅日线信号: BUY (无小时线数据),20260724_234151
2026-07-24 23:42:09,黄金ETF,BUY,,BUY,2,仅日线信号: BUY (无小时线数据),20260724_234151
2026-07-24 23:42:09,通信ETF,BUY,,BUY,1,仅日线信号: BUY (无小时线数据),20260724_234151
2026-07-24 23:42:09,沪深300ETF,BUY,,BUY,1,仅日线信号: BUY (无小时线数据),20260724_234151
2026-07-24 23:42:09,创业板ETF,BUY,,BUY,1,仅日线信号: BUY (无小时线数据),20260724_234151
2026-07-24 23:42:09,科创50ETF,BUY,,BUY,1,仅日线信号: BUY (无小时线数据),20260724_234151
2026-07-24 23:42:09,半导体ETF,BUY,,BUY,1,仅日线信号: BUY (无小时线数据),20260724_234151
2026-07-24 23:42:09,芯片ETF,BUY,,BUY,1,仅日线信号: BUY (无小时线数据),20260724_234151
2026-07-24 23:42:09,黄金ETF,BUY,,BUY,1,仅日线信号: BUY (无小时线数据),20260724_234151
2026-07-24 23:42:09,通信ETF,BUY,,BUY,1,仅日线信号: BUY (无小时线数据),20260724_234151
2026-07-24 23:42:09,沪深300ETF,BUY,,BUY,1,仅日线信号: BUY (无小时线数据),20260724_234151
2026-07-24 23:42:09,创业板ETF,BUY,,BUY,1,仅日线信号: BUY (无小时线数据),20260724_234151
2026-07-24 23:42:09,科创50ETF,BUY,,BUY,1,仅日线信号: BUY (无小时线数据),20260724_234151
2026-07-24 23:42:09,半导体ETF,BUY,,BUY,1,仅日线信号: BUY (无小时线数据),20260724_234151
2026-07-24 23:42:09,芯片ETF,BUY,,BUY,1,仅日线信号: BUY (无小时线数据),20260724_234151
2026-07-24 23:42:09,黄金ETF,BUY,,BUY,2,仅日线信号: BUY (无小时线数据),20260724_234151
2026-07-24 23:42:09,通信ETF,BUY,,BUY,1,仅日线信号: BUY (无小时线数据),20260724_234151
2026-07-24 23:42:09,沪深300ETF,BUY,,BUY,1,仅日线信号: BUY (无小时线数据),20260724_234151
2026-07-24 23:42:09,创业板ETF,BUY,,BUY,1,仅日线信号: BUY (无小时线数据),20260724_234151
2026-07-24 23:42:09,科创50ETF,BUY,,BUY,1,仅日线信号: BUY (无小时线数据),20260724_234151
2026-07-24 23:42:09,半导体ETF,BUY,,BUY,1,仅日线信号: BUY (无小时线数据),20260724_234151
2026-07-24 23:42:09,芯片ETF,BUY,,BUY,1,仅日线信号: BUY (无小时线数据),20260724_234151
2026-07-24 23:42:09,黄金ETF,BUY,,BUY,2,仅日线信号: BUY (无小时线数据),20260724_234151
2026-07-24 23:42:09,通信ETF,BUY,,BUY,1,仅日线信号: BUY (无小时线数据),20260724_234151
2026-07-24 23:42:09,沪深300ETF,BUY,,BUY,1,仅日线信号: BUY (无小时线数据),20260724_234151
2026-07-24 23:42:09,创业板ETF,BUY,,BUY,1,仅日线信号: BUY (无小时线数据),20260724_234151
2026-07-24 23:42:09,科创50ETF,BUY,,BUY,1,仅日线信号: BUY (无小时线数据),20260724_234151
2026-07-24 23:42:09,半导体ETF,BUY,,BUY,1,仅日线信号: BUY (无小时线数据),20260724_234151
2026-07-24 23:42:09,芯片ETF,BUY,,BUY,1,仅日线信号: BUY (无小时线数据),20260724_234151
2026-07-24 23:42:09,黄金ETF,BUY,,BUY,1,仅日线信号: BUY (无小时线数据),20260724_234151
2026-07-24 23:42:09,通信ETF,BUY,,BUY,1,仅日线信号: BUY (无小时线数据),20260724_234151
2026-07-24 23:42:09,沪深300ETF,BUY,,BUY,1,仅日线信号: BUY (无小时线数据),20260724_234151
2026-07-24 23:42:09,创业板ETF,BUY,,BUY,1,仅日线信号: BUY (无小时线数据),20260724_234151
2026-07-24 23:42:09,科创50ETF,BUY,,BUY,1,仅日线信号: BUY (无小时线数据),20260724_234151
2026-07-24 23:42:09,半导体ETF,BUY,,BUY,1,仅日线信号: BUY (无小时线数据),20260724_234151
2026-07-24 23:42:09,芯片ETF,BUY,,BUY,1,仅日线信号: BUY (无小时线数据),20260724_234151
2026-07-24 23:42:09,黄金ETF,BUY,,BUY,1,仅日线信号: BUY (无小时线数据),20260724_234151
2026-07-24 23:42:09,通信ETF,BUY,,BUY,1,仅日线信号: BUY (无小时线数据),20260724_234151
2026-07-24 23:42:09,沪深300ETF,BUY,,BUY,1,仅日线信号: BUY (无小时线数据),20260724_234151
2026-07-24 23:42:09,创业板ETF,BUY,,BUY,2,仅日线信号: BUY (无小时线数据),20260724_234151
2026-07-24 23:42:09,科创50ETF,BUY,,BUY,1,仅日线信号: BUY (无小时线数据),20260724_234151
2026-07-24 23:42:09,半导体ETF,BUY,,BUY,1,仅日线信号: BUY (无小时线数据),20260724_234151
2026-07-24 23:42:09,芯片ETF,BUY,,BUY,1,仅日线信号: BUY (无小时线数据),20260724_234151
2026-07-24 23:42:09,黄金ETF,BUY,,BUY,1,仅日线信号: BUY (无小时线数据),20260724_234151
2026-07-24 23:42:09,通信ETF,BUY,,BUY,2,仅日线信号: BUY (无小时线数据),20260724_234151
2026-07-24 23:42:09,沪深300ETF,BUY,,BUY,2,仅日线信号: BUY (无小时线数据),20260724_234151
2026-07-24 23:42:09,创业板ETF,BUY,,BUY,1,仅日线信号: BUY (无小时线数据),20260724_234151
2026-07-24 23:42:09,科创50ETF,BUY,,BUY,1,仅日线信号: BUY (无小时线数据),20260724_234151
2026-07-24 23:42:09,半导体ETF,BUY,,BUY,1,仅日线信号: BUY (无小时线数据),20260724_234151
2026-07-24 23:42:09,芯片ETF,BUY,,BUY,1,仅日线信号: BUY (无小时线数据),20260724_234151
2026-07-24 23:42:09,黄金ETF,BUY,,BUY,1,仅日线信号: BUY (无小时线数据),20260724_234151
2026-07-24 23:42:09,通信ETF,BUY,,BUY,2,仅日线信号: BUY (无小时线数据),20260724_234151
2026-07-24 23:42:09,沪深300ETF,BUY,,BUY,1,仅日线信号: BUY (无小时线数据),20260724_234151
2026-07-24 23:42:09,创业板ETF,BUY,,BUY,1,仅日线信号: BUY (无小时线数据),20260724_234151
2026-07-24 23:42:09,科创50ETF,BUY,,BUY,1,仅日线信号: BUY (无小时线数据),20260724_234151
2026-07-24 23:42:09,半导体ETF,BUY,,BUY,1,仅日线信号: BUY (无小时线数据),20260724_234151
2026-07-24 23:42:09,芯片ETF,BUY,,BUY,1,仅日线信号: BUY (无小时线数据),20260724_234151
2026-07-24 23:42:09,黄金ETF,BUY,,BUY,1,仅日线信号: BUY (无小时线数据),20260724_234151
2026-07-24 23:42:09,通信ETF,BUY,,BUY,1,仅日线信号: BUY (无小时线数据),20260724_234151
2026-07-24 23:42:09,沪深300ETF,BUY,,BUY,2,仅日线信号: BUY (无小时线数据),20260724_234151
2026-07-24 23:42:09,创业板ETF,BUY,,BUY,1,仅日线信号: BUY (无小时线数据),20260724_234151
2026-07-24 23:42:09,科创50ETF,BUY,,BUY,1,仅日线信号: BUY (无小时线数据),20260724_234151
2026-07-24 23:42:09,半导体ETF,BUY,,BUY,1,仅日线信号: BUY (无小时线数据),20260724_234151
2026-07-24 23:42:10,芯片ETF,BUY,,BUY,1,仅日线信号: BUY (无小时线数据),20260724_234151
2026-07-24 23:42:10,黄金ETF,BUY,,BUY,1,仅日线信号: BUY (无小时线数据),20260724_234151
2026-07-24 23:42:10,通信ETF,BUY,,BUY,1,仅日线信号: BUY (无小时线数据),20260724_234151
2026-07-24 23:42:10,沪深300ETF,BUY,,BUY,2,仅日线信号: BUY (无小时线数据),20260724_234151
2026-07-24 23:42:10,创业板ETF,BUY,,BUY,2,仅日线信号: BUY (无小时线数据),20260724_234151
2026-07-24 23:42:10,科创50ETF,BUY,,BUY,1,仅日线信号: BUY (无小时线数据),20260724_234151
2026-07-24 23:42:10,半导体ETF,BUY,,BUY,1,仅日线信号: BUY (无小时线数据),20260724_234151
2026-07-24 23:42:10,芯片ETF,BUY,,BUY,1,仅日线信号: BUY (无小时线数据),20260724_234151
2026-07-24 23:42:10,黄金ETF,BUY,,BUY,1,仅日线信号: BUY (无小时线数据),20260724_234151
2026-07-24 23:42:10,通信ETF,BUY,,BUY,2,仅日线信号: BUY (无小时线数据),20260724_234151
2026-07-24 23:42:10,沪深300ETF,BUY,,BUY,2,仅日线信号: BUY (无小时线数据),20260724_234151
2026-07-24 23:42:10,创业板ETF,BUY,,BUY,2,仅日线信号: BUY (无小时线数据),20260724_234151
2026-07-24 23:42:10,科创50ETF,BUY,,BUY,1,仅日线信号: BUY (无小时线数据),20260724_234151
2026-07-24 23:42:10,半导体ETF,BUY,,BUY,1,仅日线信号: BUY (无小时线数据),20260724_234151
2026-07-24 23:42:10,芯片ETF,BUY,,BUY,1,仅日线信号: BUY (无小时线数据),20260724_234151
2026-07-24 23:42:10,黄金ETF,BUY,,BUY,1,仅日线信号: BUY (无小时线数据),20260724_234151
2026-07-24 23:42:10,通信ETF,BUY,,BUY,3,仅日线信号: BUY (无小时线数据),20260724_234151
2026-07-24 23:42:10,沪深300ETF,BUY,,BUY,2,仅日线信号: BUY (无小时线数据),20260724_234151
2026-07-24 23:42:10,创业板ETF,BUY,,BUY,2,仅日线信号: BUY (无小时线数据),20260724_234151
2026-07-24 23:42:10,科创50ETF,BUY,,BUY,1,仅日线信号: BUY (无小时线数据),20260724_234151
2026-07-24 23:42:10,半导体ETF,BUY,,BUY,1,仅日线信号: BUY (无小时线数据),20260724_234151
2026-07-24 23:42:10,芯片ETF,BUY,,BUY,1,仅日线信号: BUY (无小时线数据),20260724_234151
2026-07-24 23:42:10,黄金ETF,BUY,,BUY,1,仅日线信号: BUY (无小时线数据),20260724_234151
2026-07-24 23:42:10,通信ETF,BUY,,BUY,2,仅日线信号: BUY (无小时线数据),20260724_234151
2026-07-24 23:42:10,沪深300ETF,BUY,,BUY,2,仅日线信号: BUY (无小时线数据),20260724_234151
2026-07-24 23:42:10,创业板ETF,BUY,,BUY,2,仅日线信号: BUY (无小时线数据),20260724_234151
2026-07-24 23:42:10,科创50ETF,BUY,,BUY,1,仅日线信号: BUY (无小时线数据),20260724_234151
2026-07-24 23:42:10,半导体ETF,BUY,,BUY,1,仅日线信号: BUY (无小时线数据),20260724_234151
2026-07-24 23:42:10,芯片ETF,BUY,,BUY,1,仅日线信号: BUY (无小时线数据),20260724_234151
2026-07-24 23:42:10,黄金ETF,BUY,,BUY,1,仅日线信号: BUY (无小时线数据),20260724_234151
2026-07-24 23:42:10,沪深300ETF,BUY,,BUY,2,仅日线信号: BUY (无小时线数据),20260724_234151
2026-07-24 23:42:10,创业板ETF,BUY,,BUY,2,仅日线信号: BUY (无小时线数据),20260724_234151
2026-07-24 23:42:10,科创50ETF,BUY,,BUY,1,仅日线信号: BUY (无小时线数据),20260724_234151
2026-07-24 23:42:10,半导体ETF,BUY,,BUY,1,仅日线信号: BUY (无小时线数据),20260724_234151
2026-07-24 23:42:10,芯片ETF,BUY,,BUY,1,仅日线信号: BUY (无小时线数据),20260724_234151
2026-07-24 23:42:10,黄金ETF,BUY,,BUY,1,仅日线信号: BUY (无小时线数据),20260724_234151
2026-07-24 23:42:10,创业板ETF,BUY,,BUY,2,仅日线信号: BUY (无小时线数据),20260724_234151
2026-07-24 23:42:10,科创50ETF,BUY,,BUY,1,仅日线信号: BUY (无小时线数据),20260724_234151
2026-07-24 23:42:10,半导体ETF,BUY,,BUY,1,仅日线信号: BUY (无小时线数据),20260724_234151
2026-07-24 23:42:10,芯片ETF,BUY,,BUY,1,仅日线信号: BUY (无小时线数据),20260724_234151
2026-07-24 23:42:10,黄金ETF,BUY,,BUY,1,仅日线信号: BUY (无小时线数据),20260724_234151
2026-07-24 23:42:10,创业板ETF,BUY,,BUY,2,仅日线信号: BUY (无小时线数据),20260724_234151
2026-07-24 23:42:10,科创50ETF,BUY,,BUY,1,仅日线信号: BUY (无小时线数据),20260724_234151
2026-07-24 23:42:10,半导体ETF,BUY,,BUY,1,仅日线信号: BUY (无小时线数据),20260724_234151
2026-07-24 23:42:10,芯片ETF,BUY,,BUY,1,仅日线信号: BUY (无小时线数据),20260724_234151
2026-07-24 23:42:10,黄金ETF,BUY,,BUY,1,仅日线信号: BUY (无小时线数据),20260724_234151
2026-07-24 23:42:10,创业板ETF,BUY,,BUY,2,仅日线信号: BUY (无小时线数据),20260724_234151
2026-07-24 23:42:10,科创50ETF,BUY,,BUY,1,仅日线信号: BUY (无小时线数据),20260724_234151
2026-07-24 23:42:10,半导体ETF,BUY,,BUY,1,仅日线信号: BUY (无小时线数据),20260724_234151
2026-07-24 23:42:10,芯片ETF,BUY,,BUY,1,仅日线信号: BUY (无小时线数据),20260724_234151
2026-07-24 23:42:10,黄金ETF,BUY,,BUY,1,仅日线信号: BUY (无小时线数据),20260724_234151
2026-07-24 23:42:10,通信ETF,BUY,,BUY,2,仅日线信号: BUY (无小时线数据),20260724_234151
2026-07-24 23:42:10,创业板ETF,BUY,,BUY,2,仅日线信号: BUY (无小时线数据),20260724_234151
2026-07-24 23:42:10,科创50ETF,BUY,,BUY,2,仅日线信号: BUY (无小时线数据),20260724_234151
2026-07-24 23:42:10,半导体ETF,BUY,,BUY,2,仅日线信号: BUY (无小时线数据),20260724_234151
2026-07-24 23:42:10,芯片ETF,BUY,,BUY,2,仅日线信号: BUY (无小时线数据),20260724_234151
2026-07-24 23:42:10,黄金ETF,BUY,,BUY,1,仅日线信号: BUY (无小时线数据),20260724_234151
2026-07-24 23:42:10,通信ETF,BUY,,BUY,2,仅日线信号: BUY (无小时线数据),20260724_234151
2026-07-24 23:42:10,科创50ETF,BUY,,BUY,2,仅日线信号: BUY (无小时线数据),20260724_234151
2026-07-24 23:42:10,半导体ETF,BUY,,BUY,1,仅日线信号: BUY (无小时线数据),20260724_234151
2026-07-24 23:42:10,芯片ETF,BUY,,BUY,1,仅日线信号: BUY (无小时线数据),20260724_234151
2026-07-24 23:42:10,黄金ETF,BUY,,BUY,1,仅日线信号: BUY (无小时线数据),20260724_234151
2026-07-24 23:42:10,通信ETF,BUY,,BUY,1,仅日线信号: BUY (无小时线数据),20260724_234151
2026-07-24 23:42:10,科创50ETF,BUY,,BUY,3,仅日线信号: BUY (无小时线数据),20260724_234151
2026-07-24 23:42:10,半导体ETF,BUY,,BUY,3,仅日线信号: BUY (无小时线数据),20260724_234151
2026-07-24 23:42:10,芯片ETF,BUY,,BUY,3,仅日线信号: BUY (无小时线数据),20260724_234151
2026-07-24 23:42:10,黄金ETF,BUY,,BUY,3,仅日线信号: BUY (无小时线数据),20260724_234151
2026-07-24 23:42:10,通信ETF,BUY,,BUY,2,仅日线信号: BUY (无小时线数据),20260724_234151
2026-07-24 23:42:10,半导体ETF,BUY,,BUY,2,仅日线信号: BUY (无小时线数据),20260724_234151
2026-07-24 23:42:10,芯片ETF,BUY,,BUY,2,仅日线信号: BUY (无小时线数据),20260724_234151
2026-07-24 23:42:10,黄金ETF,BUY,,BUY,2,仅日线信号: BUY (无小时线数据),20260724_234151
2026-07-24 23:42:10,通信ETF,BUY,,BUY,2,仅日线信号: BUY (无小时线数据),20260724_234151
2026-07-24 23:42:10,黄金ETF,BUY,,BUY,2,仅日线信号: BUY (无小时线数据),20260724_234151
2026-07-24 23:42:10,通信ETF,BUY,,BUY,1,仅日线信号: BUY (无小时线数据),20260724_234151
2026-07-24 23:42:11,黄金ETF,BUY,,BUY,2,仅日线信号: BUY (无小时线数据),20260724_234151
2026-07-24 23:42:11,通信ETF,BUY,,BUY,1,仅日线信号: BUY (无小时线数据),20260724_234151
2026-07-24 23:42:11,沪深300ETF,SELL,,SELL,-1,仅日线信号: SELL (无小时线数据),20260724_234151
2026-07-24 23:42:11,黄金ETF,BUY,,BUY,2,仅日线信号: BUY (无小时线数据),20260724_234151
2026-07-24 23:42:11,黄金ETF,BUY,,BUY,2,仅日线信号: BUY (无小时线数据),20260724_234151
2026-07-24 23:42:11,黄金ETF,BUY,,BUY,2,仅日线信号: BUY (无小时线数据),20260724_234151
2026-07-24 23:42:11,沪深300ETF,BUY,,BUY,0,仅日线信号: BUY (无小时线数据),20260724_234151
2026-07-24 23:42:11,黄金ETF,BUY,,BUY,2,仅日线信号: BUY (无小时线数据),20260724_234151
2026-07-24 23:42:11,通信ETF,BUY,,BUY,2,仅日线信号: BUY (无小时线数据),20260724_234151
2026-07-24 23:42:11,沪深300ETF,BUY,,BUY,1,仅日线信号: BUY (无小时线数据),20260724_234151
2026-07-24 23:42:11,创业板ETF,BUY,,BUY,1,仅日线信号: BUY (无小时线数据),20260724_234151
2026-07-24 23:42:11,黄金ETF,BUY,,BUY,2,仅日线信号: BUY (无小时线数据),20260724_234151
2026-07-24 23:42:11,通信ETF,BUY,,BUY,1,仅日线信号: BUY (无小时线数据),20260724_234151
2026-07-24 23:42:11,沪深300ETF,BUY,,BUY,0,仅日线信号: BUY (无小时线数据),20260724_234151
2026-07-24 23:42:11,黄金ETF,BUY,,BUY,2,仅日线信号: BUY (无小时线数据),20260724_234151
2026-07-24 23:42:11,通信ETF,BUY,,BUY,2,仅日线信号: BUY (无小时线数据),20260724_234151
2026-07-24 23:42:11,沪深300ETF,BUY,,BUY,2,仅日线信号: BUY (无小时线数据),20260724_234151
2026-07-24 23:42:11,创业板ETF,BUY,,BUY,2,仅日线信号: BUY (无小时线数据),20260724_234151
2026-07-24 23:42:11,黄金ETF,BUY,,BUY,2,仅日线信号: BUY (无小时线数据),20260724_234151
2026-07-24 23:42:11,通信ETF,BUY,,BUY,2,仅日线信号: BUY (无小时线数据),20260724_234151
2026-07-24 23:42:11,沪深300ETF,BUY,,BUY,2,仅日线信号: BUY (无小时线数据),20260724_234151
2026-07-24 23:42:11,创业板ETF,BUY,,BUY,2,仅日线信号: BUY (无小时线数据),20260724_234151
2026-07-24 23:42:11,半导体ETF,BUY,,BUY,0,仅日线信号: BUY (无小时线数据),20260724_234151
2026-07-24 23:42:11,黄金ETF,BUY,,BUY,2,仅日线信号: BUY (无小时线数据),20260724_234151
2026-07-24 23:42:11,通信ETF,BUY,,BUY,1,仅日线信号: BUY (无小时线数据),20260724_234151
2026-07-24 23:42:11,沪深300ETF,BUY,,BUY,0,仅日线信号: BUY (无小时线数据),20260724_234151
2026-07-24 23:42:11,创业板ETF,BUY,,BUY,0,仅日线信号: BUY (无小时线数据),20260724_234151
2026-07-24 23:42:11,半导体ETF,BUY,,BUY,0,仅日线信号: BUY (无小时线数据),20260724_234151
2026-07-24 23:42:11,芯片ETF,BUY,,BUY,0,仅日线信号: BUY (无小时线数据),20260724_234151
2026-07-24 23:42:11,黄金ETF,BUY,,BUY,2,仅日线信号: BUY (无小时线数据),20260724_234151
2026-07-24 23:42:11,通信ETF,BUY,,BUY,2,仅日线信号: BUY (无小时线数据),20260724_234151
2026-07-24 23:42:11,沪深300ETF,BUY,,BUY,2,仅日线信号: BUY (无小时线数据),20260724_234151
2026-07-24 23:42:11,创业板ETF,BUY,,BUY,1,仅日线信号: BUY (无小时线数据),20260724_234151
2026-07-24 23:42:11,半导体ETF,BUY,,BUY,0,仅日线信号: BUY (无小时线数据),20260724_234151
2026-07-24 23:42:11,芯片ETF,BUY,,BUY,0,仅日线信号: BUY (无小时线数据),20260724_234151
2026-07-24 23:42:11,黄金ETF,BUY,,BUY,1,仅日线信号: BUY (无小时线数据),20260724_234151
2026-07-24 23:42:11,通信ETF,BUY,,BUY,2,仅日线信号: BUY (无小时线数据),20260724_234151
2026-07-24 23:42:11,沪深300ETF,BUY,,BUY,1,仅日线信号: BUY (无小时线数据),20260724_234151
2026-07-24 23:42:11,创业板ETF,BUY,,BUY,1,仅日线信号: BUY (无小时线数据),20260724_234151
2026-07-24 23:42:11,半导体ETF,BUY,,BUY,1,仅日线信号: BUY (无小时线数据),20260724_234151
2026-07-24 23:42:11,黄金ETF,BUY,,BUY,1,仅日线信号: BUY (无小时线数据),20260724_234151
2026-07-24 23:42:11,通信ETF,BUY,,BUY,2,仅日线信号: BUY (无小时线数据),20260724_234151
2026-07-24 23:42:12,半导体ETF,SELL,,SELL,-1,仅日线信号: SELL (无小时线数据),20260724_234151
2026-07-24 23:42:12,黄金ETF,BUY,,BUY,2,仅日线信号: BUY (无小时线数据),20260724_234151
2026-07-24 23:42:12,通信ETF,BUY,,BUY,2,仅日线信号: BUY (无小时线数据),20260724_234151
2026-07-24 23:42:12,沪深300ETF,SELL,,SELL,-1,仅日线信号: SELL (无小时线数据),20260724_234151
2026-07-24 23:42:12,创业板ETF,SELL,,SELL,-1,仅日线信号: SELL (无小时线数据),20260724_234151
2026-07-24 23:42:12,科创50ETF,SELL,,SELL,-1,仅日线信号: SELL (无小时线数据),20260724_234151
2026-07-24 23:42:12,半导体ETF,SELL,,SELL,-1,仅日线信号: SELL (无小时线数据),20260724_234151
2026-07-24 23:42:12,芯片ETF,SELL,,SELL,-1,仅日线信号: SELL (无小时线数据),20260724_234151
2026-07-24 23:42:12,黄金ETF,BUY,,BUY,0,仅日线信号: BUY (无小时线数据),20260724_234151
2026-07-24 23:42:12,通信ETF,BUY,,BUY,2,仅日线信号: BUY (无小时线数据),20260724_234151
2026-07-24 23:42:12,沪深300ETF,SELL,,SELL,-1,仅日线信号: SELL (无小时线数据),20260724_234151
2026-07-24 23:42:12,创业板ETF,SELL,,SELL,-1,仅日线信号: SELL (无小时线数据),20260724_234151
2026-07-24 23:42:12,科创50ETF,SELL,,SELL,-1,仅日线信号: SELL (无小时线数据),20260724_234151
2026-07-24 23:42:12,半导体ETF,SELL,,SELL,-1,仅日线信号: SELL (无小时线数据),20260724_234151
2026-07-24 23:42:12,芯片ETF,SELL,,SELL,-1,仅日线信号: SELL (无小时线数据),20260724_234151
2026-07-24 23:42:12,黄金ETF,BUY,,BUY,0,仅日线信号: BUY (无小时线数据),20260724_234151
2026-07-24 23:42:12,通信ETF,BUY,,BUY,2,仅日线信号: BUY (无小时线数据),20260724_234151
2026-07-24 23:42:12,沪深300ETF,SELL,,SELL,-1,仅日线信号: SELL (无小时线数据),20260724_234151
2026-07-24 23:42:12,创业板ETF,SELL,,SELL,-1,仅日线信号: SELL (无小时线数据),20260724_234151
2026-07-24 23:42:12,半导体ETF,SELL,,SELL,-1,仅日线信号: SELL (无小时线数据),20260724_234151
2026-07-24 23:42:12,黄金ETF,BUY,,BUY,0,仅日线信号: BUY (无小时线数据),20260724_234151
2026-07-24 23:42:12,通信ETF,BUY,,BUY,1,仅日线信号: BUY (无小时线数据),20260724_234151
2026-07-24 23:42:12,科创50ETF,SELL,,SELL,-1,仅日线信号: SELL (无小时线数据),20260724_234151
2026-07-24 23:42:12,半导体ETF,SELL,,SELL,-1,仅日线信号: SELL (无小时线数据),20260724_234151
2026-07-24 23:42:12,芯片ETF,SELL,,SELL,-1,仅日线信号: SELL (无小时线数据),20260724_234151
2026-07-24 23:42:12,黄金ETF,BUY,,BUY,2,仅日线信号: BUY (无小时线数据),20260724_234151
2026-07-24 23:42:12,通信ETF,BUY,,BUY,2,仅日线信号: BUY (无小时线数据),20260724_234151
2026-07-24 23:42:12,科创50ETF,SELL,,SELL,-1,仅日线信号: SELL (无小时线数据),20260724_234151
2026-07-24 23:42:12,半导体ETF,SELL,,SELL,-1,仅日线信号: SELL (无小时线数据),20260724_234151
2026-07-24 23:42:12,芯片ETF,SELL,,SELL,-1,仅日线信号: SELL (无小时线数据),20260724_234151
2026-07-24 23:42:12,黄金ETF,BUY,,BUY,2,仅日线信号: BUY (无小时线数据),20260724_234151
2026-07-24 23:42:12,通信ETF,BUY,,BUY,2,仅日线信号: BUY (无小时线数据),20260724_234151
2026-07-24 23:42:12,沪深300ETF,SELL,,SELL,-2,仅日线信号: SELL (无小时线数据),20260724_234151
2026-07-24 23:42:12,半导体ETF,SELL,,SELL,-1,仅日线信号: SELL (无小时线数据),20260724_234151
2026-07-24 23:42:12,芯片ETF,SELL,,SELL,-1,仅日线信号: SELL (无小时线数据),20260724_234151
2026-07-24 23:42:12,黄金ETF,BUY,,BUY,2,仅日线信号: BUY (无小时线数据),20260724_234151
2026-07-24 23:42:12,通信ETF,BUY,,BUY,2,仅日线信号: BUY (无小时线数据),20260724_234151
2026-07-24 23:42:12,沪深300ETF,SELL,,SELL,-1,仅日线信号: SELL (无小时线数据),20260724_234151
2026-07-24 23:42:12,创业板ETF,BUY,,BUY,2,仅日线信号: BUY (无小时线数据),20260724_234151
2026-07-24 23:42:12,半导体ETF,SELL,,SELL,-1,仅日线信号: SELL (无小时线数据),20260724_234151
2026-07-24 23:42:12,黄金ETF,BUY,,BUY,2,仅日线信号: BUY (无小时线数据),20260724_234151
2026-07-24 23:42:12,通信ETF,BUY,,BUY,2,仅日线信号: BUY (无小时线数据),20260724_234151
2026-07-24 23:42:12,创业板ETF,BUY,,BUY,2,仅日线信号: BUY (无小时线数据),20260724_234151
2026-07-24 23:42:12,科创50ETF,SELL,,SELL,-1,仅日线信号: SELL (无小时线数据),20260724_234151
2026-07-24 23:42:12,半导体ETF,SELL,,SELL,0,仅日线信号: SELL (无小时线数据),20260724_234151
2026-07-24 23:42:12,芯片ETF,SELL,,SELL,-1,仅日线信号: SELL (无小时线数据),20260724_234151
2026-07-24 23:42:12,通信ETF,BUY,,BUY,2,仅日线信号: BUY (无小时线数据),20260724_234151
2026-07-24 23:42:12,沪深300ETF,SELL,,SELL,-1,仅日线信号: SELL (无小时线数据),20260724_234151
2026-07-24 23:42:12,创业板ETF,BUY,,BUY,1,仅日线信号: BUY (无小时线数据),20260724_234151
2026-07-24 23:42:12,科创50ETF,SELL,,SELL,-1,仅日线信号: SELL (无小时线数据),20260724_234151
2026-07-24 23:42:12,半导体ETF,SELL,,SELL,-1,仅日线信号: SELL (无小时线数据),20260724_234151
2026-07-24 23:42:12,沪深300ETF,SELL,,SELL,-1,仅日线信号: SELL (无小时线数据),20260724_234151
2026-07-24 23:42:12,创业板ETF,BUY,,BUY,2,仅日线信号: BUY (无小时线数据),20260724_234151
2026-07-24 23:42:12,科创50ETF,SELL,,SELL,-1,仅日线信号: SELL (无小时线数据),20260724_234151
2026-07-24 23:42:12,半导体ETF,SELL,,SELL,-1,仅日线信号: SELL (无小时线数据),20260724_234151
2026-07-24 23:42:12,芯片ETF,SELL,,SELL,-1,仅日线信号: SELL (无小时线数据),20260724_234151
2026-07-24 23:42:12,沪深300ETF,SELL,,SELL,-1,仅日线信号: SELL (无小时线数据),20260724_234151
2026-07-24 23:42:12,创业板ETF,BUY,,BUY,2,仅日线信号: BUY (无小时线数据),20260724_234151
2026-07-24 23:42:12,科创50ETF,SELL,,SELL,-1,仅日线信号: SELL (无小时线数据),20260724_234151
2026-07-24 23:42:12,半导体ETF,SELL,,SELL,-1,仅日线信号: SELL (无小时线数据),20260724_234151
2026-07-24 23:42:12,芯片ETF,SELL,,SELL,-1,仅日线信号: SELL (无小时线数据),20260724_234151
2026-07-24 23:42:12,沪深300ETF,SELL,,SELL,-1,仅日线信号: SELL (无小时线数据),20260724_234151
2026-07-24 23:42:12,创业板ETF,BUY,,BUY,2,仅日线信号: BUY (无小时线数据),20260724_234151
2026-07-24 23:42:12,科创50ETF,SELL,,SELL,-1,仅日线信号: SELL (无小时线数据),20260724_234151
2026-07-24 23:42:12,半导体ETF,SELL,,SELL,-1,仅日线信号: SELL (无小时线数据),20260724_234151
2026-07-24 23:42:12,芯片ETF,SELL,,SELL,-1,仅日线信号: SELL (无小时线数据),20260724_234151
2026-07-24 23:42:12,沪深300ETF,SELL,,SELL,-1,仅日线信号: SELL (无小时线数据),20260724_234151
2026-07-24 23:42:12,创业板ETF,BUY,,BUY,1,仅日线信号: BUY (无小时线数据),20260724_234151
2026-07-24 23:42:12,科创50ETF,SELL,,SELL,-1,仅日线信号: SELL (无小时线数据),20260724_234151
2026-07-24 23:42:12,半导体ETF,SELL,,SELL,-1,仅日线信号: SELL (无小时线数据),20260724_234151
2026-07-24 23:42:12,芯片ETF,SELL,,SELL,-1,仅日线信号: SELL (无小时线数据),20260724_234151
2026-07-24 23:42:13,通信ETF,SELL,,SELL,-1,仅日线信号: SELL (无小时线数据),20260724_234151
2026-07-24 23:42:13,沪深300ETF,SELL,,SELL,-1,仅日线信号: SELL (无小时线数据),20260724_234151
2026-07-24 23:42:13,科创50ETF,SELL,,SELL,-1,仅日线信号: SELL (无小时线数据),20260724_234151
2026-07-24 23:42:13,半导体ETF,SELL,,SELL,-1,仅日线信号: SELL (无小时线数据),20260724_234151
2026-07-24 23:42:13,芯片ETF,SELL,,SELL,-1,仅日线信号: SELL (无小时线数据),20260724_234151
2026-07-24 23:42:13,通信ETF,SELL,,SELL,-1,仅日线信号: SELL (无小时线数据),20260724_234151
2026-07-24 23:42:13,沪深300ETF,SELL,,SELL,-1,仅日线信号: SELL (无小时线数据),20260724_234151
2026-07-24 23:42:13,科创50ETF,SELL,,SELL,-1,仅日线信号: SELL (无小时线数据),20260724_234151
2026-07-24 23:42:13,半导体ETF,SELL,,SELL,-1,仅日线信号: SELL (无小时线数据),20260724_234151
2026-07-24 23:42:13,芯片ETF,SELL,,SELL,-1,仅日线信号: SELL (无小时线数据),20260724_234151
2026-07-24 23:42:13,沪深300ETF,SELL,,SELL,-1,仅日线信号: SELL (无小时线数据),20260724_234151
2026-07-24 23:42:13,科创50ETF,SELL,,SELL,-1,仅日线信号: SELL (无小时线数据),20260724_234151
2026-07-24 23:42:13,半导体ETF,SELL,,SELL,-1,仅日线信号: SELL (无小时线数据),20260724_234151
2026-07-24 23:42:13,芯片ETF,SELL,,SELL,-1,仅日线信号: SELL (无小时线数据),20260724_234151
2026-07-24 23:42:13,沪深300ETF,SELL,,SELL,-1,仅日线信号: SELL (无小时线数据),20260724_234151
2026-07-24 23:42:13,科创50ETF,SELL,,SELL,-1,仅日线信号: SELL (无小时线数据),20260724_234151
2026-07-24 23:42:13,半导体ETF,SELL,,SELL,-1,仅日线信号: SELL (无小时线数据),20260724_234151
2026-07-24 23:42:13,芯片ETF,SELL,,SELL,-1,仅日线信号: SELL (无小时线数据),20260724_234151
2026-07-24 23:42:13,沪深300ETF,SELL,,SELL,-1,仅日线信号: SELL (无小时线数据),20260724_234151
2026-07-24 23:42:13,科创50ETF,SELL,,SELL,-1,仅日线信号: SELL (无小时线数据),20260724_234151
2026-07-24 23:42:13,半导体ETF,SELL,,SELL,-1,仅日线信号: SELL (无小时线数据),20260724_234151
2026-07-24 23:42:13,芯片ETF,SELL,,SELL,-1,仅日线信号: SELL (无小时线数据),20260724_234151
2026-07-24 23:42:13,黄金ETF,SELL,,SELL,-1,仅日线信号: SELL (无小时线数据),20260724_234151
2026-07-24 23:42:13,通信ETF,BUY,,BUY,0,仅日线信号: BUY (无小时线数据),20260724_234151
2026-07-24 23:42:13,沪深300ETF,SELL,,SELL,-1,仅日线信号: SELL (无小时线数据),20260724_234151
2026-07-24 23:42:13,创业板ETF,SELL,,SELL,-1,仅日线信号: SELL (无小时线数据),20260724_234151
2026-07-24 23:42:13,科创50ETF,SELL,,SELL,-1,仅日线信号: SELL (无小时线数据),20260724_234151
2026-07-24 23:42:13,半导体ETF,SELL,,SELL,-1,仅日线信号: SELL (无小时线数据),20260724_234151
2026-07-24 23:42:13,芯片ETF,SELL,,SELL,-1,仅日线信号: SELL (无小时线数据),20260724_234151
2026-07-24 23:42:13,黄金ETF,SELL,,SELL,-1,仅日线信号: SELL (无小时线数据),20260724_234151
2026-07-24 23:42:13,通信ETF,BUY,,BUY,1,仅日线信号: BUY (无小时线数据),20260724_234151
2026-07-24 23:42:13,沪深300ETF,SELL,,SELL,-1,仅日线信号: SELL (无小时线数据),20260724_234151
2026-07-24 23:42:13,创业板ETF,SELL,,SELL,1,仅日线信号: SELL (无小时线数据),20260724_234151
2026-07-24 23:42:13,科创50ETF,SELL,,SELL,-1,仅日线信号: SELL (无小时线数据),20260724_234151
2026-07-24 23:42:13,半导体ETF,SELL,,SELL,-1,仅日线信号: SELL (无小时线数据),20260724_234151
2026-07-24 23:42:13,芯片ETF,SELL,,SELL,-1,仅日线信号: SELL (无小时线数据),20260724_234151
2026-07-24 23:42:13,黄金ETF,SELL,,SELL,-1,仅日线信号: SELL (无小时线数据),20260724_234151
2026-07-24 23:42:13,通信ETF,BUY,,BUY,2,仅日线信号: BUY (无小时线数据),20260724_234151
2026-07-24 23:42:13,沪深300ETF,SELL,,SELL,-1,仅日线信号: SELL (无小时线数据),20260724_234151
2026-07-24 23:42:13,创业板ETF,SELL,,SELL,-1,仅日线信号: SELL (无小时线数据),20260724_234151
2026-07-24 23:42:13,科创50ETF,SELL,,SELL,-1,仅日线信号: SELL (无小时线数据),20260724_234151
2026-07-24 23:42:13,半导体ETF,SELL,,SELL,-1,仅日线信号: SELL (无小时线数据),20260724_234151
2026-07-24 23:42:13,芯片ETF,SELL,,SELL,-1,仅日线信号: SELL (无小时线数据),20260724_234151
2026-07-24 23:42:13,黄金ETF,SELL,,SELL,-1,仅日线信号: SELL (无小时线数据),20260724_234151
2026-07-24 23:42:13,通信ETF,BUY,,BUY,0,仅日线信号: BUY (无小时线数据),20260724_234151
2026-07-24 23:42:13,沪深300ETF,SELL,,SELL,-1,仅日线信号: SELL (无小时线数据),20260724_234151
2026-07-24 23:42:13,创业板ETF,SELL,,SELL,-1,仅日线信号: SELL (无小时线数据),20260724_234151
2026-07-24 23:42:13,科创50ETF,SELL,,SELL,-1,仅日线信号: SELL (无小时线数据),20260724_234151
2026-07-24 23:42:13,半导体ETF,SELL,,SELL,-1,仅日线信号: SELL (无小时线数据),20260724_234151
2026-07-24 23:42:13,芯片ETF,SELL,,SELL,-1,仅日线信号: SELL (无小时线数据),20260724_234151
2026-07-24 23:42:13,黄金ETF,SELL,,SELL,-1,仅日线信号: SELL (无小时线数据),20260724_234151
2026-07-24 23:42:13,通信ETF,BUY,,BUY,2,仅日线信号: BUY (无小时线数据),20260724_234151
2026-07-24 23:42:13,沪深300ETF,SELL,,SELL,-1,仅日线信号: SELL (无小时线数据),20260724_234151
2026-07-24 23:42:13,创业板ETF,SELL,,SELL,-1,仅日线信号: SELL (无小时线数据),20260724_234151
2026-07-24 23:42:13,科创50ETF,SELL,,SELL,-1,仅日线信号: SELL (无小时线数据),20260724_234151
2026-07-24 23:42:13,半导体ETF,SELL,,SELL,-1,仅日线信号: SELL (无小时线数据),20260724_234151
2026-07-24 23:42:13,芯片ETF,SELL,,SELL,-1,仅日线信号: SELL (无小时线数据),20260724_234151
2026-07-24 23:42:13,黄金ETF,SELL,,SELL,-1,仅日线信号: SELL (无小时线数据),20260724_234151
2026-07-24 23:42:13,通信ETF,BUY,,BUY,2,仅日线信号: BUY (无小时线数据),20260724_234151
2026-07-24 23:42:13,沪深300ETF,SELL,,SELL,-2,仅日线信号: SELL (无小时线数据),20260724_234151
2026-07-24 23:42:13,创业板ETF,SELL,,SELL,0,仅日线信号: SELL (无小时线数据),20260724_234151
2026-07-24 23:42:13,科创50ETF,SELL,,SELL,-2,仅日线信号: SELL (无小时线数据),20260724_234151
2026-07-24 23:42:13,半导体ETF,SELL,,SELL,-2,仅日线信号: SELL (无小时线数据),20260724_234151
2026-07-24 23:42:13,芯片ETF,SELL,,SELL,-2,仅日线信号: SELL (无小时线数据),20260724_234151
2026-07-24 23:42:13,黄金ETF,SELL,,SELL,-2,仅日线信号: SELL (无小时线数据),20260724_234151
2026-07-24 23:42:13,通信ETF,BUY,,BUY,1,仅日线信号: BUY (无小时线数据),20260724_234151
2026-07-24 23:42:13,沪深300ETF,SELL,,SELL,-2,仅日线信号: SELL (无小时线数据),20260724_234151
2026-07-24 23:42:13,创业板ETF,SELL,,SELL,-2,仅日线信号: SELL (无小时线数据),20260724_234151
2026-07-24 23:42:13,科创50ETF,SELL,,SELL,-2,仅日线信号: SELL (无小时线数据),20260724_234151
2026-07-24 23:42:13,半导体ETF,SELL,,SELL,-2,仅日线信号: SELL (无小时线数据),20260724_234151
2026-07-24 23:42:13,芯片ETF,SELL,,SELL,-2,仅日线信号: SELL (无小时线数据),20260724_234151
2026-07-24 23:42:13,黄金ETF,SELL,,SELL,-1,仅日线信号: SELL (无小时线数据),20260724_234151
2026-07-24 23:42:13,通信ETF,BUY,,BUY,1,仅日线信号: BUY (无小时线数据),20260724_234151
2026-07-24 23:42:13,沪深300ETF,SELL,,SELL,-2,仅日线信号: SELL (无小时线数据),20260724_234151
2026-07-24 23:42:13,创业板ETF,BUY,,BUY,1,仅日线信号: BUY (无小时线数据),20260724_234151
2026-07-24 23:42:13,芯片ETF,SELL,,SELL,-2,仅日线信号: SELL (无小时线数据),20260724_234151
2026-07-24 23:42:13,通信ETF,BUY,,BUY,1,仅日线信号: BUY (无小时线数据),20260724_234151
2026-07-24 23:42:14,创业板ETF,BUY,,BUY,1,仅日线信号: BUY (无小时线数据),20260724_234151
2026-07-24 23:42:14,通信ETF,BUY,,BUY,1,仅日线信号: BUY (无小时线数据),20260724_234151
2026-07-24 23:42:14,创业板ETF,BUY,,BUY,1,仅日线信号: BUY (无小时线数据),20260724_234151
2026-07-24 23:42:14,通信ETF,BUY,,BUY,1,仅日线信号: BUY (无小时线数据),20260724_234151
2026-07-24 23:42:14,沪深300ETF,BUY,,BUY,2,仅日线信号: BUY (无小时线数据),20260724_234151
2026-07-24 23:42:14,创业板ETF,BUY,,BUY,1,仅日线信号: BUY (无小时线数据),20260724_234151
2026-07-24 23:42:14,半导体ETF,BUY,,BUY,2,仅日线信号: BUY (无小时线数据),20260724_234151
2026-07-24 23:42:14,通信ETF,BUY,,BUY,1,仅日线信号: BUY (无小时线数据),20260724_234151
2026-07-24 23:42:14,沪深300ETF,BUY,,BUY,1,仅日线信号: BUY (无小时线数据),20260724_234151
2026-07-24 23:42:14,创业板ETF,BUY,,BUY,1,仅日线信号: BUY (无小时线数据),20260724_234151
2026-07-24 23:42:14,科创50ETF,BUY,,BUY,1,仅日线信号: BUY (无小时线数据),20260724_234151
2026-07-24 23:42:14,半导体ETF,BUY,,BUY,1,仅日线信号: BUY (无小时线数据),20260724_234151
2026-07-24 23:42:14,通信ETF,BUY,,BUY,1,仅日线信号: BUY (无小时线数据),20260724_234151
2026-07-24 23:42:14,沪深300ETF,BUY,,BUY,1,仅日线信号: BUY (无小时线数据),20260724_234151
2026-07-24 23:42:14,创业板ETF,BUY,,BUY,1,仅日线信号: BUY (无小时线数据),20260724_234151
2026-07-24 23:42:14,科创50ETF,BUY,,BUY,1,仅日线信号: BUY (无小时线数据),20260724_234151
2026-07-24 23:42:14,半导体ETF,BUY,,BUY,1,仅日线信号: BUY (无小时线数据),20260724_234151
2026-07-24 23:42:14,芯片ETF,BUY,,BUY,1,仅日线信号: BUY (无小时线数据),20260724_234151
2026-07-24 23:42:14,通信ETF,BUY,,BUY,1,仅日线信号: BUY (无小时线数据),20260724_234151
2026-07-24 23:42:14,沪深300ETF,BUY,,BUY,1,仅日线信号: BUY (无小时线数据),20260724_234151
2026-07-24 23:42:14,创业板ETF,BUY,,BUY,1,仅日线信号: BUY (无小时线数据),20260724_234151
2026-07-24 23:42:14,科创50ETF,BUY,,BUY,1,仅日线信号: BUY (无小时线数据),20260724_234151
2026-07-24 23:42:14,半导体ETF,BUY,,BUY,1,仅日线信号: BUY (无小时线数据),20260724_234151
2026-07-24 23:42:14,芯片ETF,BUY,,BUY,1,仅日线信号: BUY (无小时线数据),20260724_234151
2026-07-24 23:42:14,通信ETF,BUY,,BUY,1,仅日线信号: BUY (无小时线数据),20260724_234151
2026-07-24 23:42:14,沪深300ETF,BUY,,BUY,1,仅日线信号: BUY (无小时线数据),20260724_234151
2026-07-24 23:42:14,创业板ETF,BUY,,BUY,1,仅日线信号: BUY (无小时线数据),20260724_234151
2026-07-24 23:42:14,科创50ETF,BUY,,BUY,1,仅日线信号: BUY (无小时线数据),20260724_234151
2026-07-24 23:42:14,半导体ETF,BUY,,BUY,1,仅日线信号: BUY (无小时线数据),20260724_234151
2026-07-24 23:42:14,芯片ETF,BUY,,BUY,2,仅日线信号: BUY (无小时线数据),20260724_234151
2026-07-24 23:42:14,通信ETF,BUY,,BUY,1,仅日线信号: BUY (无小时线数据),20260724_234151
2026-07-24 23:42:14,沪深300ETF,BUY,,BUY,1,仅日线信号: BUY (无小时线数据),20260724_234151
2026-07-24 23:42:14,创业板ETF,BUY,,BUY,1,仅日线信号: BUY (无小时线数据),20260724_234151
2026-07-24 23:42:14,科创50ETF,BUY,,BUY,1,仅日线信号: BUY (无小时线数据),20260724_234151
2026-07-24 23:42:14,半导体ETF,BUY,,BUY,1,仅日线信号: BUY (无小时线数据),20260724_234151
2026-07-24 23:42:14,芯片ETF,BUY,,BUY,1,仅日线信号: BUY (无小时线数据),20260724_234151
2026-07-24 23:42:14,通信ETF,BUY,,BUY,1,仅日线信号: BUY (无小时线数据),20260724_234151
2026-07-24 23:42:14,沪深300ETF,BUY,,BUY,1,仅日线信号: BUY (无小时线数据),20260724_234151
2026-07-24 23:42:14,创业板ETF,BUY,,BUY,1,仅日线信号: BUY (无小时线数据),20260724_234151
2026-07-24 23:42:14,科创50ETF,BUY,,BUY,2,仅日线信号: BUY (无小时线数据),20260724_234151
2026-07-24 23:42:14,半导体ETF,BUY,,BUY,1,仅日线信号: BUY (无小时线数据),20260724_234151
2026-07-24 23:42:14,芯片ETF,BUY,,BUY,1,仅日线信号: BUY (无小时线数据),20260724_234151
2026-07-24 23:42:14,通信ETF,BUY,,BUY,1,仅日线信号: BUY (无小时线数据),20260724_234151
2026-07-24 23:42:14,沪深300ETF,BUY,,BUY,1,仅日线信号: BUY (无小时线数据),20260724_234151
2026-07-24 23:42:14,创业板ETF,BUY,,BUY,1,仅日线信号: BUY (无小时线数据),20260724_234151
2026-07-24 23:42:14,科创50ETF,BUY,,BUY,1,仅日线信号: BUY (无小时线数据),20260724_234151
2026-07-24 23:42:14,半导体ETF,BUY,,BUY,1,仅日线信号: BUY (无小时线数据),20260724_234151
2026-07-24 23:42:14,芯片ETF,BUY,,BUY,1,仅日线信号: BUY (无小时线数据),20260724_234151
2026-07-24 23:42:14,通信ETF,BUY,,BUY,1,仅日线信号: BUY (无小时线数据),20260724_234151
2026-07-24 23:42:14,沪深300ETF,BUY,,BUY,1,仅日线信号: BUY (无小时线数据),20260724_234151
2026-07-24 23:42:14,创业板ETF,BUY,,BUY,1,仅日线信号: BUY (无小时线数据),20260724_234151
2026-07-24 23:42:14,科创50ETF,BUY,,BUY,1,仅日线信号: BUY (无小时线数据),20260724_234151
2026-07-24 23:42:14,半导体ETF,BUY,,BUY,1,仅日线信号: BUY (无小时线数据),20260724_234151
2026-07-24 23:42:14,芯片ETF,BUY,,BUY,1,仅日线信号: BUY (无小时线数据),20260724_234151
2026-07-24 23:42:14,通信ETF,BUY,,BUY,1,仅日线信号: BUY (无小时线数据),20260724_234151
2026-07-24 23:42:14,沪深300ETF,BUY,,BUY,1,仅日线信号: BUY (无小时线数据),20260724_234151
2026-07-24 23:42:14,创业板ETF,BUY,,BUY,2,仅日线信号: BUY (无小时线数据),20260724_234151
2026-07-24 23:42:14,科创50ETF,BUY,,BUY,1,仅日线信号: BUY (无小时线数据),20260724_234151
2026-07-24 23:42:14,半导体ETF,BUY,,BUY,1,仅日线信号: BUY (无小时线数据),20260724_234151
2026-07-24 23:42:14,芯片ETF,BUY,,BUY,1,仅日线信号: BUY (无小时线数据),20260724_234151
2026-07-24 23:42:14,通信ETF,BUY,,BUY,1,仅日线信号: BUY (无小时线数据),20260724_234151
2026-07-24 23:42:14,沪深300ETF,BUY,,BUY,1,仅日线信号: BUY (无小时线数据),20260724_234151
2026-07-24 23:42:14,创业板ETF,BUY,,BUY,1,仅日线信号: BUY (无小时线数据),20260724_234151
2026-07-24 23:42:14,科创50ETF,BUY,,BUY,1,仅日线信号: BUY (无小时线数据),20260724_234151
2026-07-24 23:42:14,半导体ETF,BUY,,BUY,1,仅日线信号: BUY (无小时线数据),20260724_234151
2026-07-24 23:42:14,芯片ETF,BUY,,BUY,1,仅日线信号: BUY (无小时线数据),20260724_234151
2026-07-24 23:42:14,黄金ETF,SELL,,SELL,-1,仅日线信号: SELL (无小时线数据),20260724_234151
2026-07-24 23:42:14,通信ETF,BUY,,BUY,1,仅日线信号: BUY (无小时线数据),20260724_234151
2026-07-24 23:42:15,沪深300ETF,BUY,,BUY,1,仅日线信号: BUY (无小时线数据),20260724_234151
2026-07-24 23:42:15,创业板ETF,BUY,,BUY,1,仅日线信号: BUY (无小时线数据),20260724_234151
2026-07-24 23:42:15,科创50ETF,BUY,,BUY,1,仅日线信号: BUY (无小时线数据),20260724_234151
2026-07-24 23:42:15,半导体ETF,BUY,,BUY,1,仅日线信号: BUY (无小时线数据),20260724_234151
2026-07-24 23:42:15,芯片ETF,BUY,,BUY,1,仅日线信号: BUY (无小时线数据),20260724_234151
2026-07-24 23:42:15,黄金ETF,SELL,,SELL,-1,仅日线信号: SELL (无小时线数据),20260724_234151
2026-07-24 23:42:15,通信ETF,BUY,,BUY,1,仅日线信号: BUY (无小时线数据),20260724_234151
2026-07-24 23:42:15,沪深300ETF,BUY,,BUY,1,仅日线信号: BUY (无小时线数据),20260724_234151
2026-07-24 23:42:15,创业板ETF,BUY,,BUY,1,仅日线信号: BUY (无小时线数据),20260724_234151
2026-07-24 23:42:15,科创50ETF,BUY,,BUY,1,仅日线信号: BUY (无小时线数据),20260724_234151
2026-07-24 23:42:15,半导体ETF,BUY,,BUY,1,仅日线信号: BUY (无小时线数据),20260724_234151
2026-07-24 23:42:15,芯片ETF,BUY,,BUY,1,仅日线信号: BUY (无小时线数据),20260724_234151
2026-07-24 23:42:15,黄金ETF,SELL,,SELL,1,仅日线信号: SELL (无小时线数据),20260724_234151
2026-07-24 23:42:15,通信ETF,BUY,,BUY,1,仅日线信号: BUY (无小时线数据),20260724_234151
2026-07-24 23:42:15,沪深300ETF,BUY,,BUY,1,仅日线信号: BUY (无小时线数据),20260724_234151
2026-07-24 23:42:15,创业板ETF,BUY,,BUY,1,仅日线信号: BUY (无小时线数据),20260724_234151
2026-07-24 23:42:15,科创50ETF,BUY,,BUY,1,仅日线信号: BUY (无小时线数据),20260724_234151
2026-07-24 23:42:15,半导体ETF,BUY,,BUY,1,仅日线信号: BUY (无小时线数据),20260724_234151
2026-07-24 23:42:15,芯片ETF,BUY,,BUY,1,仅日线信号: BUY (无小时线数据),20260724_234151
2026-07-24 23:42:15,通信ETF,BUY,,BUY,1,仅日线信号: BUY (无小时线数据),20260724_234151
2026-07-24 23:42:15,沪深300ETF,BUY,,BUY,1,仅日线信号: BUY (无小时线数据),20260724_234151
2026-07-24 23:42:15,创业板ETF,BUY,,BUY,1,仅日线信号: BUY (无小时线数据),20260724_234151
2026-07-24 23:42:15,科创50ETF,BUY,,BUY,1,仅日线信号: BUY (无小时线数据),20260724_234151
2026-07-24 23:42:15,半导体ETF,BUY,,BUY,1,仅日线信号: BUY (无小时线数据),20260724_234151
2026-07-24 23:42:15,芯片ETF,BUY,,BUY,1,仅日线信号: BUY (无小时线数据),20260724_234151
2026-07-24 23:42:15,通信ETF,BUY,,BUY,1,仅日线信号: BUY (无小时线数据),20260724_234151
2026-07-24 23:42:15,沪深300ETF,BUY,,BUY,1,仅日线信号: BUY (无小时线数据),20260724_234151
2026-07-24 23:42:15,创业板ETF,BUY,,BUY,1,仅日线信号: BUY (无小时线数据),20260724_234151
2026-07-24 23:42:15,科创50ETF,BUY,,BUY,1,仅日线信号: BUY (无小时线数据),20260724_234151
2026-07-24 23:42:15,半导体ETF,BUY,,BUY,1,仅日线信号: BUY (无小时线数据),20260724_234151
2026-07-24 23:42:15,芯片ETF,BUY,,BUY,1,仅日线信号: BUY (无小时线数据),20260724_234151
2026-07-24 23:42:15,黄金ETF,SELL,,SELL,-1,仅日线信号: SELL (无小时线数据),20260724_234151
2026-07-24 23:42:15,通信ETF,BUY,,BUY,1,仅日线信号: BUY (无小时线数据),20260724_234151
2026-07-24 23:42:15,沪深300ETF,BUY,,BUY,1,仅日线信号: BUY (无小时线数据),20260724_234151
2026-07-24 23:42:15,创业板ETF,BUY,,BUY,1,仅日线信号: BUY (无小时线数据),20260724_234151
2026-07-24 23:42:15,科创50ETF,BUY,,BUY,1,仅日线信号: BUY (无小时线数据),20260724_234151
2026-07-24 23:42:15,半导体ETF,BUY,,BUY,1,仅日线信号: BUY (无小时线数据),20260724_234151
2026-07-24 23:42:15,芯片ETF,BUY,,BUY,1,仅日线信号: BUY (无小时线数据),20260724_234151
2026-07-24 23:42:15,黄金ETF,SELL,,SELL,-1,仅日线信号: SELL (无小时线数据),20260724_234151
2026-07-24 23:42:15,通信ETF,BUY,,BUY,1,仅日线信号: BUY (无小时线数据),20260724_234151
2026-07-24 23:42:15,沪深300ETF,BUY,,BUY,1,仅日线信号: BUY (无小时线数据),20260724_234151
2026-07-24 23:42:15,创业板ETF,BUY,,BUY,1,仅日线信号: BUY (无小时线数据),20260724_234151
2026-07-24 23:42:15,科创50ETF,BUY,,BUY,1,仅日线信号: BUY (无小时线数据),20260724_234151
2026-07-24 23:42:15,半导体ETF,BUY,,BUY,1,仅日线信号: BUY (无小时线数据),20260724_234151
2026-07-24 23:42:15,芯片ETF,BUY,,BUY,1,仅日线信号: BUY (无小时线数据),20260724_234151
2026-07-24 23:42:15,黄金ETF,SELL,,SELL,-1,仅日线信号: SELL (无小时线数据),20260724_234151
2026-07-24 23:42:15,通信ETF,BUY,,BUY,1,仅日线信号: BUY (无小时线数据),20260724_234151
2026-07-24 23:42:15,沪深300ETF,BUY,,BUY,1,仅日线信号: BUY (无小时线数据),20260724_234151
2026-07-24 23:42:15,创业板ETF,BUY,,BUY,1,仅日线信号: BUY (无小时线数据),20260724_234151
2026-07-24 23:42:15,科创50ETF,BUY,,BUY,1,仅日线信号: BUY (无小时线数据),20260724_234151
2026-07-24 23:42:15,半导体ETF,BUY,,BUY,1,仅日线信号: BUY (无小时线数据),20260724_234151
2026-07-24 23:42:15,芯片ETF,BUY,,BUY,1,仅日线信号: BUY (无小时线数据),20260724_234151
2026-07-24 23:42:15,黄金ETF,SELL,,SELL,-1,仅日线信号: SELL (无小时线数据),20260724_234151
2026-07-24 23:42:15,通信ETF,BUY,,BUY,1,仅日线信号: BUY (无小时线数据),20260724_234151
2026-07-24 23:42:15,沪深300ETF,BUY,,BUY,2,仅日线信号: BUY (无小时线数据),20260724_234151
2026-07-24 23:42:15,创业板ETF,BUY,,BUY,1,仅日线信号: BUY (无小时线数据),20260724_234151
2026-07-24 23:42:15,科创50ETF,BUY,,BUY,1,仅日线信号: BUY (无小时线数据),20260724_234151
2026-07-24 23:42:15,半导体ETF,BUY,,BUY,1,仅日线信号: BUY (无小时线数据),20260724_234151
2026-07-24 23:42:15,芯片ETF,BUY,,BUY,1,仅日线信号: BUY (无小时线数据),20260724_234151
2026-07-24 23:42:15,黄金ETF,SELL,,SELL,-1,仅日线信号: SELL (无小时线数据),20260724_234151
2026-07-24 23:42:15,通信ETF,BUY,,BUY,1,仅日线信号: BUY (无小时线数据),20260724_234151
2026-07-24 23:42:15,沪深300ETF,BUY,,BUY,2,仅日线信号: BUY (无小时线数据),20260724_234151
2026-07-24 23:42:15,创业板ETF,BUY,,BUY,1,仅日线信号: BUY (无小时线数据),20260724_234151
2026-07-24 23:42:15,科创50ETF,BUY,,BUY,1,仅日线信号: BUY (无小时线数据),20260724_234151
2026-07-24 23:42:15,半导体ETF,BUY,,BUY,1,仅日线信号: BUY (无小时线数据),20260724_234151
2026-07-24 23:42:15,芯片ETF,BUY,,BUY,1,仅日线信号: BUY (无小时线数据),20260724_234151
2026-07-24 23:42:15,黄金ETF,SELL,,SELL,-1,仅日线信号: SELL (无小时线数据),20260724_234151
2026-07-24 23:42:15,通信ETF,BUY,,BUY,1,仅日线信号: BUY (无小时线数据),20260724_234151
2026-07-24 23:42:15,沪深300ETF,BUY,,BUY,2,仅日线信号: BUY (无小时线数据),20260724_234151
2026-07-24 23:42:15,创业板ETF,BUY,,BUY,1,仅日线信号: BUY (无小时线数据),20260724_234151
2026-07-24 23:42:15,科创50ETF,BUY,,BUY,1,仅日线信号: BUY (无小时线数据),20260724_234151
2026-07-24 23:42:15,半导体ETF,BUY,,BUY,1,仅日线信号: BUY (无小时线数据),20260724_234151
2026-07-24 23:42:15,芯片ETF,BUY,,BUY,1,仅日线信号: BUY (无小时线数据),20260724_234151
2026-07-24 23:42:15,黄金ETF,SELL,,SELL,-1,仅日线信号: SELL (无小时线数据),20260724_234151
2026-07-24 23:42:15,通信ETF,BUY,,BUY,1,仅日线信号: BUY (无小时线数据),20260724_234151
2026-07-24 23:42:15,沪深300ETF,BUY,,BUY,2,仅日线信号: BUY (无小时线数据),20260724_234151
2026-07-24 23:42:15,创业板ETF,BUY,,BUY,1,仅日线信号: BUY (无小时线数据),20260724_234151
2026-07-24 23:42:15,科创50ETF,BUY,,BUY,1,仅日线信号: BUY (无小时线数据),20260724_234151
2026-07-24 23:42:15,半导体ETF,BUY,,BUY,1,仅日线信号: BUY (无小时线数据),20260724_234151
2026-07-24 23:42:15,芯片ETF,BUY,,BUY,1,仅日线信号: BUY (无小时线数据),20260724_234151
2026-07-24 23:42:15,黄金ETF,SELL,,SELL,-1,仅日线信号: SELL (无小时线数据),20260724_234151
2026-07-24 23:42:15,通信ETF,BUY,,BUY,1,仅日线信号: BUY (无小时线数据),20260724_234151
2026-07-24 23:42:15,创业板ETF,BUY,,BUY,2,仅日线信号: BUY (无小时线数据),20260724_234151
2026-07-24 23:42:15,科创50ETF,BUY,,BUY,1,仅日线信号: BUY (无小时线数据),20260724_234151
2026-07-24 23:42:15,半导体ETF,BUY,,BUY,1,仅日线信号: BUY (无小时线数据),20260724_234151
2026-07-24 23:42:15,芯片ETF,BUY,,BUY,1,仅日线信号: BUY (无小时线数据),20260724_234151
2026-07-24 23:42:16,黄金ETF,SELL,,SELL,-1,仅日线信号: SELL (无小时线数据),20260724_234151
2026-07-24 23:42:16,通信ETF,BUY,,BUY,2,仅日线信号: BUY (无小时线数据),20260724_234151
2026-07-24 23:42:16,创业板ETF,BUY,,BUY,1,仅日线信号: BUY (无小时线数据),20260724_234151
2026-07-24 23:42:16,科创50ETF,BUY,,BUY,1,仅日线信号: BUY (无小时线数据),20260724_234151
2026-07-24 23:42:16,半导体ETF,BUY,,BUY,1,仅日线信号: BUY (无小时线数据),20260724_234151
2026-07-24 23:42:16,芯片ETF,BUY,,BUY,1,仅日线信号: BUY (无小时线数据),20260724_234151
2026-07-24 23:42:16,黄金ETF,SELL,,SELL,-1,仅日线信号: SELL (无小时线数据),20260724_234151
2026-07-24 23:42:16,通信ETF,BUY,,BUY,1,仅日线信号: BUY (无小时线数据),20260724_234151
2026-07-24 23:42:16,创业板ETF,BUY,,BUY,1,仅日线信号: BUY (无小时线数据),20260724_234151
2026-07-24 23:42:16,科创50ETF,BUY,,BUY,1,仅日线信号: BUY (无小时线数据),20260724_234151
2026-07-24 23:42:16,半导体ETF,BUY,,BUY,1,仅日线信号: BUY (无小时线数据),20260724_234151
2026-07-24 23:42:16,芯片ETF,BUY,,BUY,1,仅日线信号: BUY (无小时线数据),20260724_234151
2026-07-24 23:42:16,黄金ETF,SELL,,SELL,-1,仅日线信号: SELL (无小时线数据),20260724_234151
2026-07-24 23:42:16,通信ETF,BUY,,BUY,1,仅日线信号: BUY (无小时线数据),20260724_234151
2026-07-24 23:42:16,沪深300ETF,BUY,,BUY,1,仅日线信号: BUY (无小时线数据),20260724_234151
2026-07-24 23:42:16,创业板ETF,BUY,,BUY,1,仅日线信号: BUY (无小时线数据),20260724_234151
2026-07-24 23:42:16,科创50ETF,BUY,,BUY,1,仅日线信号: BUY (无小时线数据),20260724_234151
2026-07-24 23:42:16,半导体ETF,BUY,,BUY,1,仅日线信号: BUY (无小时线数据),20260724_234151
2026-07-24 23:42:16,芯片ETF,BUY,,BUY,1,仅日线信号: BUY (无小时线数据),20260724_234151
2026-07-24 23:42:16,黄金ETF,SELL,,SELL,-1,仅日线信号: SELL (无小时线数据),20260724_234151
2026-07-24 23:42:16,通信ETF,BUY,,BUY,1,仅日线信号: BUY (无小时线数据),20260724_234151
2026-07-24 23:42:16,沪深300ETF,BUY,,BUY,2,仅日线信号: BUY (无小时线数据),20260724_234151
2026-07-24 23:42:16,创业板ETF,BUY,,BUY,1,仅日线信号: BUY (无小时线数据),20260724_234151
2026-07-24 23:42:16,科创50ETF,BUY,,BUY,1,仅日线信号: BUY (无小时线数据),20260724_234151
2026-07-24 23:42:16,半导体ETF,BUY,,BUY,1,仅日线信号: BUY (无小时线数据),20260724_234151
2026-07-24 23:42:16,芯片ETF,BUY,,BUY,1,仅日线信号: BUY (无小时线数据),20260724_234151
2026-07-24 23:42:16,黄金ETF,SELL,,SELL,-1,仅日线信号: SELL (无小时线数据),20260724_234151
2026-07-24 23:42:16,通信ETF,BUY,,BUY,1,仅日线信号: BUY (无小时线数据),20260724_234151
2026-07-24 23:42:16,沪深300ETF,BUY,,BUY,2,仅日线信号: BUY (无小时线数据),20260724_234151
2026-07-24 23:42:16,创业板ETF,BUY,,BUY,1,仅日线信号: BUY (无小时线数据),20260724_234151
2026-07-24 23:42:16,科创50ETF,BUY,,BUY,1,仅日线信号: BUY (无小时线数据),20260724_234151
2026-07-24 23:42:16,半导体ETF,BUY,,BUY,1,仅日线信号: BUY (无小时线数据),20260724_234151
2026-07-24 23:42:16,芯片ETF,BUY,,BUY,1,仅日线信号: BUY (无小时线数据),20260724_234151
2026-07-24 23:42:16,黄金ETF,SELL,,SELL,-1,仅日线信号: SELL (无小时线数据),20260724_234151
2026-07-24 23:42:16,通信ETF,BUY,,BUY,1,仅日线信号: BUY (无小时线数据),20260724_234151
2026-07-24 23:42:16,沪深300ETF,BUY,,BUY,2,仅日线信号: BUY (无小时线数据),20260724_234151
2026-07-24 23:42:16,创业板ETF,BUY,,BUY,1,仅日线信号: BUY (无小时线数据),20260724_234151
2026-07-24 23:42:16,科创50ETF,BUY,,BUY,2,仅日线信号: BUY (无小时线数据),20260724_234151
2026-07-24 23:42:16,半导体ETF,BUY,,BUY,2,仅日线信号: BUY (无小时线数据),20260724_234151
2026-07-24 23:42:16,芯片ETF,BUY,,BUY,1,仅日线信号: BUY (无小时线数据),20260724_234151
2026-07-24 23:42:16,黄金ETF,SELL,,SELL,-1,仅日线信号: SELL (无小时线数据),20260724_234151
2026-07-24 23:42:16,通信ETF,BUY,,BUY,1,仅日线信号: BUY (无小时线数据),20260724_234151
2026-07-24 23:42:16,沪深300ETF,BUY,,BUY,2,仅日线信号: BUY (无小时线数据),20260724_234151
2026-07-24 23:42:16,创业板ETF,BUY,,BUY,2,仅日线信号: BUY (无小时线数据),20260724_234151
2026-07-24 23:42:16,科创50ETF,BUY,,BUY,3,仅日线信号: BUY (无小时线数据),20260724_234151
2026-07-24 23:42:16,半导体ETF,BUY,,BUY,2,仅日线信号: BUY (无小时线数据),20260724_234151
2026-07-24 23:42:16,芯片ETF,BUY,,BUY,2,仅日线信号: BUY (无小时线数据),20260724_234151
2026-07-24 23:42:16,黄金ETF,SELL,,SELL,-1,仅日线信号: SELL (无小时线数据),20260724_234151
2026-07-24 23:42:16,通信ETF,BUY,,BUY,2,仅日线信号: BUY (无小时线数据),20260724_234151
2026-07-24 23:42:16,沪深300ETF,BUY,,BUY,2,仅日线信号: BUY (无小时线数据),20260724_234151
2026-07-24 23:42:16,创业板ETF,BUY,,BUY,1,仅日线信号: BUY (无小时线数据),20260724_234151
2026-07-24 23:42:16,科创50ETF,BUY,,BUY,2,仅日线信号: BUY (无小时线数据),20260724_234151
2026-07-24 23:42:16,半导体ETF,BUY,,BUY,2,仅日线信号: BUY (无小时线数据),20260724_234151
2026-07-24 23:42:16,芯片ETF,BUY,,BUY,2,仅日线信号: BUY (无小时线数据),20260724_234151
2026-07-24 23:42:16,黄金ETF,SELL,,SELL,-1,仅日线信号: SELL (无小时线数据),20260724_234151
2026-07-24 23:42:16,通信ETF,BUY,,BUY,1,仅日线信号: BUY (无小时线数据),20260724_234151
2026-07-24 23:42:16,沪深300ETF,BUY,,BUY,2,仅日线信号: BUY (无小时线数据),20260724_234151
2026-07-24 23:42:16,创业板ETF,BUY,,BUY,1,仅日线信号: BUY (无小时线数据),20260724_234151
2026-07-24 23:42:16,半导体ETF,BUY,,BUY,2,仅日线信号: BUY (无小时线数据),20260724_234151
2026-07-24 23:42:16,芯片ETF,BUY,,BUY,2,仅日线信号: BUY (无小时线数据),20260724_234151
2026-07-24 23:42:16,黄金ETF,SELL,,SELL,-1,仅日线信号: SELL (无小时线数据),20260724_234151
2026-07-24 23:42:16,通信ETF,BUY,,BUY,1,仅日线信号: BUY (无小时线数据),20260724_234151
2026-07-24 23:42:16,沪深300ETF,BUY,,BUY,2,仅日线信号: BUY (无小时线数据),20260724_234151
2026-07-24 23:42:16,创业板ETF,BUY,,BUY,1,仅日线信号: BUY (无小时线数据),20260724_234151
2026-07-24 23:42:16,黄金ETF,SELL,,SELL,-1,仅日线信号: SELL (无小时线数据),20260724_234151
2026-07-24 23:42:16,通信ETF,BUY,,BUY,1,仅日线信号: BUY (无小时线数据),20260724_234151
2026-07-24 23:42:16,创业板ETF,BUY,,BUY,2,仅日线信号: BUY (无小时线数据),20260724_234151
2026-07-24 23:42:16,黄金ETF,SELL,,SELL,-1,仅日线信号: SELL (无小时线数据),20260724_234151
2026-07-24 23:42:16,通信ETF,BUY,,BUY,1,仅日线信号: BUY (无小时线数据),20260724_234151
2026-07-24 23:42:16,创业板ETF,BUY,,BUY,1,仅日线信号: BUY (无小时线数据),20260724_234151
2026-07-24 23:42:16,黄金ETF,SELL,,SELL,-1,仅日线信号: SELL (无小时线数据),20260724_234151
2026-07-24 23:42:16,通信ETF,BUY,,BUY,2,仅日线信号: BUY (无小时线数据),20260724_234151
2026-07-24 23:42:16,创业板ETF,BUY,,BUY,2,仅日线信号: BUY (无小时线数据),20260724_234151
2026-07-24 23:42:16,黄金ETF,SELL,,SELL,-1,仅日线信号: SELL (无小时线数据),20260724_234151
2026-07-24 23:42:17,通信ETF,BUY,,BUY,1,仅日线信号: BUY (无小时线数据),20260724_234151
2026-07-24 23:42:17,黄金ETF,SELL,,SELL,-1,仅日线信号: SELL (无小时线数据),20260724_234151
2026-07-24 23:42:17,通信ETF,BUY,,BUY,2,仅日线信号: BUY (无小时线数据),20260724_234151
2026-07-24 23:42:17,沪深300ETF,SELL,,SELL,-1,仅日线信号: SELL (无小时线数据),20260724_234151
2026-07-24 23:42:17,黄金ETF,SELL,,SELL,-1,仅日线信号: SELL (无小时线数据),20260724_234151
2026-07-24 23:42:17,通信ETF,BUY,,BUY,2,仅日线信号: BUY (无小时线数据),20260724_234151
2026-07-24 23:42:17,沪深300ETF,SELL,,SELL,-1,仅日线信号: SELL (无小时线数据),20260724_234151
2026-07-24 23:42:17,黄金ETF,SELL,,SELL,-1,仅日线信号: SELL (无小时线数据),20260724_234151
2026-07-24 23:42:17,通信ETF,BUY,,BUY,2,仅日线信号: BUY (无小时线数据),20260724_234151
2026-07-24 23:42:17,黄金ETF,SELL,,SELL,-1,仅日线信号: SELL (无小时线数据),20260724_234151
2026-07-24 23:42:17,通信ETF,BUY,,BUY,1,仅日线信号: BUY (无小时线数据),20260724_234151
2026-07-24 23:42:17,黄金ETF,SELL,,SELL,-1,仅日线信号: SELL (无小时线数据),20260724_234151
2026-07-24 23:42:17,通信ETF,BUY,,BUY,1,仅日线信号: BUY (无小时线数据),20260724_234151
2026-07-24 23:42:17,沪深300ETF,BUY,,BUY,0,仅日线信号: BUY (无小时线数据),20260724_234151
2026-07-24 23:42:17,半导体ETF,BUY,,BUY,1,仅日线信号: BUY (无小时线数据),20260724_234151
2026-07-24 23:42:17,芯片ETF,BUY,,BUY,1,仅日线信号: BUY (无小时线数据),20260724_234151
2026-07-24 23:42:17,黄金ETF,SELL,,SELL,-1,仅日线信号: SELL (无小时线数据),20260724_234151
2026-07-24 23:42:17,通信ETF,BUY,,BUY,1,仅日线信号: BUY (无小时线数据),20260724_234151
2026-07-24 23:42:17,沪深300ETF,BUY,,BUY,2,仅日线信号: BUY (无小时线数据),20260724_234151
2026-07-24 23:42:17,创业板ETF,BUY,,BUY,1,仅日线信号: BUY (无小时线数据),20260724_234151
2026-07-24 23:42:17,科创50ETF,BUY,,BUY,1,仅日线信号: BUY (无小时线数据),20260724_234151
2026-07-24 23:42:17,半导体ETF,BUY,,BUY,1,仅日线信号: BUY (无小时线数据),20260724_234151
2026-07-24 23:42:17,芯片ETF,BUY,,BUY,1,仅日线信号: BUY (无小时线数据),20260724_234151
2026-07-24 23:42:17,黄金ETF,SELL,,SELL,-1,仅日线信号: SELL (无小时线数据),20260724_234151
2026-07-24 23:42:17,通信ETF,BUY,,BUY,1,仅日线信号: BUY (无小时线数据),20260724_234151
2026-07-24 23:42:17,沪深300ETF,BUY,,BUY,1,仅日线信号: BUY (无小时线数据),20260724_234151
2026-07-24 23:42:17,创业板ETF,BUY,,BUY,1,仅日线信号: BUY (无小时线数据),20260724_234151
2026-07-24 23:42:17,科创50ETF,BUY,,BUY,1,仅日线信号: BUY (无小时线数据),20260724_234151
2026-07-24 23:42:17,半导体ETF,BUY,,BUY,1,仅日线信号: BUY (无小时线数据),20260724_234151
2026-07-24 23:42:17,芯片ETF,BUY,,BUY,1,仅日线信号: BUY (无小时线数据),20260724_234151
2026-07-24 23:42:17,黄金ETF,SELL,,SELL,-1,仅日线信号: SELL (无小时线数据),20260724_234151
2026-07-24 23:42:17,通信ETF,BUY,,BUY,1,仅日线信号: BUY (无小时线数据),20260724_234151
2026-07-24 23:42:17,沪深300ETF,BUY,,BUY,2,仅日线信号: BUY (无小时线数据),20260724_234151
2026-07-24 23:42:17,创业板ETF,BUY,,BUY,2,仅日线信号: BUY (无小时线数据),20260724_234151
2026-07-24 23:42:17,科创50ETF,BUY,,BUY,1,仅日线信号: BUY (无小时线数据),20260724_234151
2026-07-24 23:42:17,半导体ETF,BUY,,BUY,1,仅日线信号: BUY (无小时线数据),20260724_234151
2026-07-24 23:42:17,芯片ETF,BUY,,BUY,1,仅日线信号: BUY (无小时线数据),20260724_234151
2026-07-24 23:42:17,黄金ETF,SELL,,SELL,-1,仅日线信号: SELL (无小时线数据),20260724_234151
2026-07-24 23:42:17,通信ETF,BUY,,BUY,1,仅日线信号: BUY (无小时线数据),20260724_234151
2026-07-24 23:42:17,沪深300ETF,BUY,,BUY,0,仅日线信号: BUY (无小时线数据),20260724_234151
2026-07-24 23:42:17,创业板ETF,BUY,,BUY,1,仅日线信号: BUY (无小时线数据),20260724_234151
2026-07-24 23:42:17,科创50ETF,BUY,,BUY,1,仅日线信号: BUY (无小时线数据),20260724_234151
2026-07-24 23:42:17,半导体ETF,BUY,,BUY,1,仅日线信号: BUY (无小时线数据),20260724_234151
2026-07-24 23:42:17,芯片ETF,BUY,,BUY,1,仅日线信号: BUY (无小时线数据),20260724_234151
2026-07-24 23:42:17,黄金ETF,SELL,,SELL,-1,仅日线信号: SELL (无小时线数据),20260724_234151
2026-07-24 23:42:17,通信ETF,BUY,,BUY,1,仅日线信号: BUY (无小时线数据),20260724_234151
2026-07-24 23:42:17,沪深300ETF,BUY,,BUY,2,仅日线信号: BUY (无小时线数据),20260724_234151
2026-07-24 23:42:17,创业板ETF,BUY,,BUY,1,仅日线信号: BUY (无小时线数据),20260724_234151
2026-07-24 23:42:17,科创50ETF,BUY,,BUY,1,仅日线信号: BUY (无小时线数据),20260724_234151
2026-07-24 23:42:17,半导体ETF,BUY,,BUY,1,仅日线信号: BUY (无小时线数据),20260724_234151
2026-07-24 23:42:17,芯片ETF,BUY,,BUY,1,仅日线信号: BUY (无小时线数据),20260724_234151
2026-07-24 23:42:17,黄金ETF,SELL,,SELL,-1,仅日线信号: SELL (无小时线数据),20260724_234151
2026-07-24 23:42:17,通信ETF,BUY,,BUY,1,仅日线信号: BUY (无小时线数据),20260724_234151
2026-07-24 23:42:17,沪深300ETF,BUY,,BUY,0,仅日线信号: BUY (无小时线数据),20260724_234151
2026-07-24 23:42:17,创业板ETF,BUY,,BUY,2,仅日线信号: BUY (无小时线数据),20260724_234151
2026-07-24 23:42:17,科创50ETF,BUY,,BUY,1,仅日线信号: BUY (无小时线数据),20260724_234151
2026-07-24 23:42:17,半导体ETF,BUY,,BUY,1,仅日线信号: BUY (无小时线数据),20260724_234151
2026-07-24 23:42:17,芯片ETF,BUY,,BUY,1,仅日线信号: BUY (无小时线数据),20260724_234151
2026-07-24 23:42:17,黄金ETF,SELL,,SELL,-1,仅日线信号: SELL (无小时线数据),20260724_234151
2026-07-24 23:42:17,通信ETF,BUY,,BUY,2,仅日线信号: BUY (无小时线数据),20260724_234151
2026-07-24 23:42:17,沪深300ETF,BUY,,BUY,2,仅日线信号: BUY (无小时线数据),20260724_234151
2026-07-24 23:42:17,创业板ETF,BUY,,BUY,2,仅日线信号: BUY (无小时线数据),20260724_234151
2026-07-24 23:42:17,科创50ETF,BUY,,BUY,1,仅日线信号: BUY (无小时线数据),20260724_234151
2026-07-24 23:42:17,半导体ETF,BUY,,BUY,1,仅日线信号: BUY (无小时线数据),20260724_234151
2026-07-24 23:42:17,芯片ETF,BUY,,BUY,1,仅日线信号: BUY (无小时线数据),20260724_234151
2026-07-24 23:42:17,黄金ETF,SELL,,SELL,-1,仅日线信号: SELL (无小时线数据),20260724_234151
2026-07-24 23:42:17,通信ETF,BUY,,BUY,2,仅日线信号: BUY (无小时线数据),20260724_234151
2026-07-24 23:42:18,沪深300ETF,BUY,,BUY,2,仅日线信号: BUY (无小时线数据),20260724_234151
2026-07-24 23:42:18,创业板ETF,BUY,,BUY,1,仅日线信号: BUY (无小时线数据),20260724_234151
2026-07-24 23:42:18,科创50ETF,BUY,,BUY,1,仅日线信号: BUY (无小时线数据),20260724_234151
2026-07-24 23:42:18,半导体ETF,BUY,,BUY,1,仅日线信号: BUY (无小时线数据),20260724_234151
2026-07-24 23:42:18,芯片ETF,BUY,,BUY,1,仅日线信号: BUY (无小时线数据),20260724_234151
2026-07-24 23:42:18,黄金ETF,SELL,,SELL,-1,仅日线信号: SELL (无小时线数据),20260724_234151
2026-07-24 23:42:18,通信ETF,BUY,,BUY,2,仅日线信号: BUY (无小时线数据),20260724_234151
2026-07-24 23:42:18,沪深300ETF,BUY,,BUY,2,仅日线信号: BUY (无小时线数据),20260724_234151
2026-07-24 23:42:18,创业板ETF,BUY,,BUY,2,仅日线信号: BUY (无小时线数据),20260724_234151
2026-07-24 23:42:18,科创50ETF,BUY,,BUY,1,仅日线信号: BUY (无小时线数据),20260724_234151
2026-07-24 23:42:18,半导体ETF,BUY,,BUY,1,仅日线信号: BUY (无小时线数据),20260724_234151
2026-07-24 23:42:18,芯片ETF,BUY,,BUY,1,仅日线信号: BUY (无小时线数据),20260724_234151
2026-07-24 23:42:18,黄金ETF,SELL,,SELL,-1,仅日线信号: SELL (无小时线数据),20260724_234151
2026-07-24 23:42:18,通信ETF,BUY,,BUY,2,仅日线信号: BUY (无小时线数据),20260724_234151
2026-07-24 23:42:18,沪深300ETF,BUY,,BUY,1,仅日线信号: BUY (无小时线数据),20260724_234151
2026-07-24 23:42:18,创业板ETF,BUY,,BUY,1,仅日线信号: BUY (无小时线数据),20260724_234151
2026-07-24 23:42:18,科创50ETF,BUY,,BUY,2,仅日线信号: BUY (无小时线数据),20260724_234151
2026-07-24 23:42:18,半导体ETF,BUY,,BUY,1,仅日线信号: BUY (无小时线数据),20260724_234151
2026-07-24 23:42:18,芯片ETF,BUY,,BUY,2,仅日线信号: BUY (无小时线数据),20260724_234151
2026-07-24 23:42:18,黄金ETF,SELL,,SELL,-1,仅日线信号: SELL (无小时线数据),20260724_234151
2026-07-24 23:42:18,沪深300ETF,BUY,,BUY,1,仅日线信号: BUY (无小时线数据),20260724_234151
2026-07-24 23:42:18,创业板ETF,BUY,,BUY,1,仅日线信号: BUY (无小时线数据),20260724_234151
2026-07-24 23:42:18,科创50ETF,BUY,,BUY,2,仅日线信号: BUY (无小时线数据),20260724_234151
2026-07-24 23:42:18,半导体ETF,BUY,,BUY,2,仅日线信号: BUY (无小时线数据),20260724_234151
2026-07-24 23:42:18,芯片ETF,BUY,,BUY,2,仅日线信号: BUY (无小时线数据),20260724_234151
2026-07-24 23:42:18,黄金ETF,SELL,,SELL,-1,仅日线信号: SELL (无小时线数据),20260724_234151
2026-07-24 23:42:18,沪深300ETF,BUY,,BUY,3,仅日线信号: BUY (无小时线数据),20260724_234151
2026-07-24 23:42:18,创业板ETF,BUY,,BUY,1,仅日线信号: BUY (无小时线数据),20260724_234151
2026-07-24 23:42:18,科创50ETF,BUY,,BUY,2,仅日线信号: BUY (无小时线数据),20260724_234151
2026-07-24 23:42:18,半导体ETF,BUY,,BUY,2,仅日线信号: BUY (无小时线数据),20260724_234151
2026-07-24 23:42:18,芯片ETF,BUY,,BUY,2,仅日线信号: BUY (无小时线数据),20260724_234151
2026-07-24 23:42:18,黄金ETF,SELL,,SELL,-1,仅日线信号: SELL (无小时线数据),20260724_234151
2026-07-24 23:42:18,科创50ETF,BUY,,BUY,2,仅日线信号: BUY (无小时线数据),20260724_234151
2026-07-24 23:42:18,半导体ETF,BUY,,BUY,2,仅日线信号: BUY (无小时线数据),20260724_234151
2026-07-24 23:42:18,芯片ETF,BUY,,BUY,2,仅日线信号: BUY (无小时线数据),20260724_234151
2026-07-24 23:42:18,黄金ETF,SELL,,SELL,-1,仅日线信号: SELL (无小时线数据),20260724_234151
2026-07-24 23:42:18,沪深300ETF,SELL,,SELL,-1,仅日线信号: SELL (无小时线数据),20260724_234151
2026-07-24 23:42:18,科创50ETF,BUY,,BUY,2,仅日线信号: BUY (无小时线数据),20260724_234151
2026-07-24 23:42:18,半导体ETF,BUY,,BUY,2,仅日线信号: BUY (无小时线数据),20260724_234151
2026-07-24 23:42:18,芯片ETF,BUY,,BUY,2,仅日线信号: BUY (无小时线数据),20260724_234151
2026-07-24 23:42:18,黄金ETF,SELL,,SELL,-1,仅日线信号: SELL (无小时线数据),20260724_234151
2026-07-24 23:42:18,通信ETF,SELL,,SELL,-1,仅日线信号: SELL (无小时线数据),20260724_234151
2026-07-24 23:42:18,科创50ETF,BUY,,BUY,1,仅日线信号: BUY (无小时线数据),20260724_234151
2026-07-24 23:42:18,半导体ETF,BUY,,BUY,1,仅日线信号: BUY (无小时线数据),20260724_234151
2026-07-24 23:42:18,芯片ETF,BUY,,BUY,1,仅日线信号: BUY (无小时线数据),20260724_234151
2026-07-24 23:42:18,通信ETF,SELL,,SELL,-1,仅日线信号: SELL (无小时线数据),20260724_234151
2026-07-24 23:42:18,科创50ETF,BUY,,BUY,2,仅日线信号: BUY (无小时线数据),20260724_234151
2026-07-24 23:42:18,半导体ETF,BUY,,BUY,2,仅日线信号: BUY (无小时线数据),20260724_234151
2026-07-24 23:42:18,芯片ETF,BUY,,BUY,2,仅日线信号: BUY (无小时线数据),20260724_234151
2026-07-24 23:42:18,通信ETF,SELL,,SELL,-1,仅日线信号: SELL (无小时线数据),20260724_234151
2026-07-24 23:42:18,沪深300ETF,SELL,,SELL,-1,仅日线信号: SELL (无小时线数据),20260724_234151
2026-07-24 23:42:18,科创50ETF,BUY,,BUY,2,仅日线信号: BUY (无小时线数据),20260724_234151
2026-07-24 23:42:18,半导体ETF,BUY,,BUY,2,仅日线信号: BUY (无小时线数据),20260724_234151
2026-07-24 23:42:18,芯片ETF,BUY,,BUY,2,仅日线信号: BUY (无小时线数据),20260724_234151
2026-07-24 23:42:18,黄金ETF,SELL,,SELL,-1,仅日线信号: SELL (无小时线数据),20260724_234151
2026-07-24 23:42:18,通信ETF,SELL,,SELL,-1,仅日线信号: SELL (无小时线数据),20260724_234151
2026-07-24 23:42:18,沪深300ETF,SELL,,SELL,-1,仅日线信号: SELL (无小时线数据),20260724_234151
2026-07-24 23:42:18,创业板ETF,SELL,,SELL,-1,仅日线信号: SELL (无小时线数据),20260724_234151
2026-07-24 23:42:18,科创50ETF,BUY,,BUY,2,仅日线信号: BUY (无小时线数据),20260724_234151
2026-07-24 23:42:18,半导体ETF,BUY,,BUY,2,仅日线信号: BUY (无小时线数据),20260724_234151
2026-07-24 23:42:18,芯片ETF,BUY,,BUY,2,仅日线信号: BUY (无小时线数据),20260724_234151
2026-07-24 23:42:18,黄金ETF,SELL,,SELL,-1,仅日线信号: SELL (无小时线数据),20260724_234151
2026-07-24 23:42:18,通信ETF,SELL,,SELL,-1,仅日线信号: SELL (无小时线数据),20260724_234151
2026-07-24 23:42:18,沪深300ETF,SELL,,SELL,-1,仅日线信号: SELL (无小时线数据),20260724_234151
2026-07-24 23:42:18,创业板ETF,SELL,,SELL,-1,仅日线信号: SELL (无小时线数据),20260724_234151
2026-07-24 23:42:18,科创50ETF,BUY,,BUY,3,仅日线信号: BUY (无小时线数据),20260724_234151
2026-07-24 23:42:18,黄金ETF,SELL,,SELL,-1,仅日线信号: SELL (无小时线数据),20260724_234151
2026-07-24 23:42:18,通信ETF,SELL,,SELL,-1,仅日线信号: SELL (无小时线数据),20260724_234151
2026-07-24 23:42:18,沪深300ETF,SELL,,SELL,-1,仅日线信号: SELL (无小时线数据),20260724_234151
2026-07-24 23:42:19,黄金ETF,SELL,,SELL,-1,仅日线信号: SELL (无小时线数据),20260724_234151
2026-07-24 23:42:19,通信ETF,SELL,,SELL,-1,仅日线信号: SELL (无小时线数据),20260724_234151
2026-07-24 23:42:19,黄金ETF,SELL,,SELL,-1,仅日线信号: SELL (无小时线数据),20260724_234151
2026-07-24 23:42:19,沪深300ETF,SELL,,SELL,-1,仅日线信号: SELL (无小时线数据),20260724_234151
2026-07-24 23:42:19,黄金ETF,SELL,,SELL,-1,仅日线信号: SELL (无小时线数据),20260724_234151
2026-07-24 23:42:19,沪深300ETF,SELL,,SELL,-1,仅日线信号: SELL (无小时线数据),20260724_234151
2026-07-24 23:42:19,创业板ETF,SELL,,SELL,-1,仅日线信号: SELL (无小时线数据),20260724_234151
2026-07-24 23:42:19,科创50ETF,SELL,,SELL,-1,仅日线信号: SELL (无小时线数据),20260724_234151
2026-07-24 23:42:19,半导体ETF,SELL,,SELL,-1,仅日线信号: SELL (无小时线数据),20260724_234151
2026-07-24 23:42:19,芯片ETF,SELL,,SELL,-1,仅日线信号: SELL (无小时线数据),20260724_234151
2026-07-24 23:42:19,黄金ETF,SELL,,SELL,-1,仅日线信号: SELL (无小时线数据),20260724_234151
2026-07-24 23:42:19,通信ETF,SELL,,SELL,-1,仅日线信号: SELL (无小时线数据),20260724_234151
2026-07-24 23:42:19,沪深300ETF,SELL,,SELL,-1,仅日线信号: SELL (无小时线数据),20260724_234151
2026-07-24 23:42:19,创业板ETF,SELL,,SELL,-1,仅日线信号: SELL (无小时线数据),20260724_234151
2026-07-24 23:42:19,科创50ETF,SELL,,SELL,-1,仅日线信号: SELL (无小时线数据),20260724_234151
2026-07-24 23:42:19,半导体ETF,SELL,,SELL,-1,仅日线信号: SELL (无小时线数据),20260724_234151
2026-07-24 23:42:19,芯片ETF,SELL,,SELL,-1,仅日线信号: SELL (无小时线数据),20260724_234151
2026-07-24 23:42:19,通信ETF,SELL,,SELL,-1,仅日线信号: SELL (无小时线数据),20260724_234151
2026-07-24 23:42:19,沪深300ETF,SELL,,SELL,-1,仅日线信号: SELL (无小时线数据),20260724_234151
2026-07-24 23:42:19,创业板ETF,SELL,,SELL,-1,仅日线信号: SELL (无小时线数据),20260724_234151
2026-07-24 23:42:19,科创50ETF,SELL,,SELL,-1,仅日线信号: SELL (无小时线数据),20260724_234151
2026-07-24 23:42:19,半导体ETF,SELL,,SELL,-1,仅日线信号: SELL (无小时线数据),20260724_234151
2026-07-24 23:42:19,芯片ETF,SELL,,SELL,-1,仅日线信号: SELL (无小时线数据),20260724_234151
2026-07-24 23:42:19,通信ETF,SELL,,SELL,-1,仅日线信号: SELL (无小时线数据),20260724_234151
2026-07-24 23:42:19,沪深300ETF,SELL,,SELL,-1,仅日线信号: SELL (无小时线数据),20260724_234151
2026-07-24 23:42:19,创业板ETF,SELL,,SELL,-1,仅日线信号: SELL (无小时线数据),20260724_234151
2026-07-24 23:42:19,科创50ETF,SELL,,SELL,-1,仅日线信号: SELL (无小时线数据),20260724_234151
2026-07-24 23:42:19,半导体ETF,SELL,,SELL,-1,仅日线信号: SELL (无小时线数据),20260724_234151
2026-07-24 23:42:19,芯片ETF,SELL,,SELL,-1,仅日线信号: SELL (无小时线数据),20260724_234151
2026-07-24 23:42:19,黄金ETF,SELL,,SELL,0,仅日线信号: SELL (无小时线数据),20260724_234151
2026-07-24 23:42:19,通信ETF,SELL,,SELL,-1,仅日线信号: SELL (无小时线数据),20260724_234151
