决策日,执行日,仓位比,净值,现金,持仓,目标,交易,累计交易,累计费用
2025-09-01,2025-09-02,1.0,8211.4,122.2,人工智能ETF(5400股),人工智能ETF,[2025-09-02] 🟢 BUY 5400股 @1.457 ¥7878 (回调(缩)),1,10.0
2025-09-02,2025-09-03,1.0,7876.6,122.2,人工智能ETF(5400股),人工智能ETF,—,1,10.0
2025-09-03,2025-09-04,1.0,7849.6,122.2,人工智能ETF(5400股),人工智能ETF,—,1,10.0
2025-09-04,2025-09-05,1.0,7223.2,122.2,人工智能ETF(5400股),人工智能ETF,—,1,10.0
2025-09-05,2025-09-08,1.0,7466.9,221.9,新能源车ETF(4500股),新能源车ETF,[2025-09-08] 🔴 SELL 5400股 @1.368 ¥7377; [2025-09-08] 🟢 BUY 4500股 @1.615 ¥7278 (回调),3,30.0
2025-09-08,2025-09-09,1.0,7834.8,105.6,人工智能ETF(5700股),人工智能ETF,[2025-09-09] 🔴 SELL 4500股 @1.662 ¥7469; [2025-09-09] 🟢 BUY 5700股 @1.329 ¥7585 (回调),5,50.0
2025-09-09,2025-09-10,1.0,8083.3,158.5,新能源车ETF(4800股),新能源车ETF,[2025-09-10] 🔴 SELL 5700股 @1.377 ¥7839; [2025-09-10] 🟢 BUY 4800股 @1.620 ¥7786 (回调),7,70.0
2025-09-10,2025-09-11,1.0,8047.4,528.9,人工智能ETF(5500股),人工智能ETF,[2025-09-11] 🔴 SELL 4800股 @1.658 ¥7948; [2025-09-11] 🟢 BUY 5500股 @1.376 ¥7578 (回调),9,90.0
2025-09-11,2025-09-12,1.0,8569.9,528.9,人工智能ETF(5500股),人工智能ETF,—,9,90.0
2025-09-12,2025-09-15,1.0,8608.4,528.9,人工智能ETF(5500股),人工智能ETF,—,9,90.0
2025-09-15,2025-09-16,1.0,8542.4,528.9,人工智能ETF(5500股),人工智能ETF,—,9,90.0
2025-09-16,2025-09-17,1.0,8646.9,528.9,人工智能ETF(5500股),人工智能ETF,—,9,90.0
2025-09-17,2025-09-18,1.0,8914.3,157.6,机器人ETF(5100股),机器人ETF,[2025-09-18] 🔴 SELL 5500股 @1.506 ¥8273; [2025-09-18] 🟢 BUY 5100股 @1.693 ¥8644 (回调),11,110.0
2025-09-18,2025-09-19,1.0,8680.6,73.4,人工智能ETF(5800股),人工智能ETF,[2025-09-19] 🔴 SELL 5100股 @1.666 ¥8487; [2025-09-19] 🟢 BUY 5800股 @1.476 ¥8571 (回调),13,130.0
2025-09-19,2025-09-22,1.0,8599.4,73.4,人工智能ETF(5800股),人工智能ETF,—,13,130.0
2025-09-22,2025-09-23,1.0,9003.6,153.6,芯片ETF(10000股),芯片ETF,[2025-09-23] 🔴 SELL 5800股 @1.519 ¥8800; [2025-09-23] 🟢 BUY 10000股 @0.871 ¥8720 (回调),15,150.0
2025-09-23,2025-09-24,1.0,9634.8,334.8,人工智能ETF(6200股),人工智能ETF,[2025-09-24] 🔴 SELL 10000股 @0.934 ¥9330; [2025-09-24] 🟢 BUY 6200股 @1.474 ¥9149 (回调),17,170.0
2025-09-24,2025-09-25,1.0,10167.8,167.0,芯片ETF(10800股),芯片ETF,[2025-09-25] 🔴 SELL 6200股 @1.577 ¥9767; [2025-09-25] 🟢 BUY 10800股 @0.919 ¥9935 (回调),19,190.0
2025-09-25,2025-09-26,1.0,10426.2,77.4,人工智能ETF(6600股),人工智能ETF,[2025-09-26] 🔴 SELL 10800股 @0.931 ¥10045; [2025-09-26] 🟢 BUY 6600股 @1.534 ¥10134 (回调(缩)),21,210.0
2025-09-26,2025-09-29,1.0,10089.6,77.4,人工智能ETF(6600股),人工智能ETF,—,21,210.0
2025-09-29,2025-09-30,1.0,10359.4,385.6,新能源车ETF(5400股),新能源车ETF,[2025-09-30] 🔴 SELL 6600股 @1.556 ¥10260; [2025-09-30] 🟢 BUY 5400股 @1.841 ¥9951 (回调),23,230.0
2025-09-30,2025-10-09,1.0,10656.4,385.6,新能源车ETF(5400股),新能源车ETF,—,23,230.0
2025-10-09,2025-10-10,1.0,10797.8,15.8,有色金属ETF(6000股),有色金属ETF,[2025-10-10] 🔴 SELL 5400股 @1.883 ¥10158; [2025-10-10] 🟢 BUY 6000股 @1.753 ¥10528 (回调),25,250.0
2025-10-10,2025-10-13,1.0,11277.6,675.2,新能源车ETF(5800股),新能源车ETF,[2025-10-13] 🔴 SELL 6000股 @1.802 ¥10802; [2025-10-13] 🟢 BUY 5800股 @1.747 ¥10143 (回调),27,270.0
2025-10-13,2025-10-14,1.0,11315.4,11.4,稀土ETF(12000股),稀土ETF,[2025-10-14] 🔴 SELL 5800股 @1.809 ¥10482; [2025-10-14] 🟢 BUY 12000股 @0.928 ¥11146 (回调(缩)),29,290.0
2025-10-14,2025-10-15,1.0,11227.8,390.2,芯片ETF(12400股),芯片ETF,[2025-10-15] 🔴 SELL 12000股 @0.925 ¥11090; [2025-10-15] 🟢 BUY 12400股 @0.863 ¥10711 (回调),31,310.0
2025-10-15,2025-10-16,1.0,11538.4,234.0,光伏ETF(11800股),光伏ETF,[2025-10-16] 🔴 SELL 12400股 @0.894 ¥11076; [2025-10-16] 🟢 BUY 11800股 @0.951 ¥11232 (回调),33,330.0
2025-10-16,2025-10-17,1.0,11524.6,17.4,新能源车ETF(6400股),新能源车ETF,[2025-10-17] 🔴 SELL 11800股 @0.939 ¥11070; [2025-10-17] 🟢 BUY 6400股 @1.762 ¥11287 (回调(缩)),35,350.0
2025-10-17,2025-10-20,1.0,11083.0,17.4,新能源车ETF(6400股),新能源车ETF,—,35,350.0
2025-10-20,2025-10-21,1.0,11223.8,17.4,新能源车ETF(6400股),新能源车ETF,—,35,350.0
2025-10-21,2025-10-22,1.0,11377.4,17.4,新能源车ETF(6400股),新能源车ETF,—,35,350.0
2025-10-22,2025-10-23,1.0,11243.0,17.4,新能源车ETF(6400股),新能源车ETF,—,35,350.0
2025-10-23,2025-10-24,1.0,11377.4,17.4,新能源车ETF(6400股),新能源车ETF,—,35,350.0
2025-10-24,2025-10-27,1.0,11563.0,17.4,新能源车ETF(6400股),新能源车ETF,—,35,350.0
2025-10-27,2025-10-28,1.0,11934.6,95.8,有色金属ETF(6800股),有色金属ETF,[2025-10-28] 🔴 SELL 6400股 @1.828 ¥11689; [2025-10-28] 🟢 BUY 6800股 @1.706 ¥11611 (回调(缩)),37,370.0
2025-10-28,2025-10-29,1.0,12103.4,468.2,新能源车ETF(6400股),新能源车ETF,[2025-10-29] 🔴 SELL 6800股 @1.765 ¥11992; [2025-10-29] 🟢 BUY 6400股 @1.814 ¥11620 (回调),39,390.0
2025-10-29,2025-10-30,1.0,12728.6,103.6,光伏ETF(12500股),光伏ETF,[2025-10-30] 🔴 SELL 6400股 @1.911 ¥12220; [2025-10-30] 🟢 BUY 12500股 @1.006 ¥12585 (回调(缩)),41,410.0
2025-10-30,2025-10-31,1.0,12754.6,58.1,新能源车ETF(6700股),新能源车ETF,[2025-10-31] 🔴 SELL 12500股 @1.011 ¥12627; [2025-10-31] 🟢 BUY 6700股 @1.890 ¥12673 (开盘),43,430.0
2025-10-31,2025-11-03,1.0,12747.9,58.1,新能源车ETF(6700股),新能源车ETF,—,43,430.0
2025-11-03,2025-11-04,1.0,12520.8,69.9,光伏ETF(12100股),光伏ETF,[2025-11-04] 🔴 SELL 6700股 @1.836 ¥12291; [2025-11-04] 🟢 BUY 12100股 @1.014 ¥12279 (回调(缩)),45,450.0
2025-11-04,2025-11-05,1.0,12194.1,69.9,光伏ETF(12100股),光伏ETF,—,45,450.0
2025-11-05,2025-11-06,1.0,12750.7,69.9,光伏ETF(12100股),光伏ETF,—,45,450.0
2025-11-06,2025-11-07,1.0,12944.3,69.9,光伏ETF(12100股),光伏ETF,—,45,450.0
2025-11-07,2025-11-10,1.0,13137.9,69.9,光伏ETF(12100股),光伏ETF,—,45,450.0
2025-11-10,2025-11-11,1.0,13507.3,98.5,煤炭ETF(11100股),煤炭ETF,[2025-11-11] 🔴 SELL 12100股 @1.092 ¥13203; [2025-11-11] 🟢 BUY 11100股 @1.186 ¥13175 (回调),47,470.0
2025-11-11,2025-11-12,1.0,13329.7,98.5,煤炭ETF(11100股),煤炭ETF,—,47,470.0
2025-11-12,2025-11-13,1.0,13298.6,257.6,光伏ETF(12600股),光伏ETF,[2025-11-13] 🔴 SELL 11100股 @1.191 ¥13210; [2025-11-13] 🟢 BUY 12600股 @1.035 ¥13051 (开盘),49,490.0
2025-11-13,2025-11-14,1.0,13924.0,110.2,有色金属ETF(7700股),有色金属ETF,[2025-11-14] 🔴 SELL 12600股 @1.063 ¥13384; [2025-11-14] 🟢 BUY 7700股 @1.756 ¥13531 (回调),51,510.0
2025-11-14,2025-11-17,0.7,13681.5,4399.0,煤炭ETF(7900股),煤炭ETF,[2025-11-17] 🔴 SELL 7700股 @1.761 ¥13550; [2025-11-17] 🟢 BUY 7900股 @1.171 ¥9261 (回调),53,530.0
2025-11-17,2025-11-18,0.7,13847.4,4399.0,煤炭ETF(7900股),煤炭ETF,—,53,530.0
2025-11-18,2025-11-19,0.7,13507.7,4399.0,煤炭ETF(7900股),煤炭ETF,—,53,530.0
2025-11-19,2025-11-20,0.7,13481.1,4049.1,油气ETF(8000股),油气ETF,[2025-11-20] 🔴 SELL 7900股 @1.139 ¥8988; [2025-11-20] 🟢 BUY 8000股 @1.166 ¥9338 (开盘),55,550.0
2025-11-20,2025-11-21,0.7,13393.1,4049.1,油气ETF(8000股),油气ETF,—,55,550.0
2025-11-21,2025-11-24,0.5,13209.1,6609.1,有色金属ETF(4000股),有色金属ETF,[2025-11-24] 🔴 SELL 8000股 @1.137 ¥9086; [2025-11-24] 🟢 BUY 4000股 @1.629 ¥6526 (回调),57,570.0
2025-11-24,2025-11-25,0.5,13161.1,6609.1,有色金属ETF(4000股),有色金属ETF,—,57,570.0
2025-11-25,2025-11-26,0.5,13372.3,6711.2,油气ETF(5900股),油气ETF,[2025-11-26] 🔴 SELL 4000股 @1.684 ¥6726; [2025-11-26] 🟢 BUY 5900股 @1.121 ¥6624 (回调),59,590.0
2025-11-26,2025-11-27,0.7,13313.8,4106.8,有色金属ETF(5500股),有色金属ETF,[2025-11-27] 🔴 SELL 5900股 @1.129 ¥6651; [2025-11-27] 🟢 BUY 5500股 @1.681 ¥9256 (回调),61,610.0
2025-11-27,2025-11-28,0.5,13364.4,6828.0,有色金属ETF(3900股),有色金属ETF,[2025-11-28] 🔴 SELL 1600股 @1.707 ¥2721,62,620.0
2025-11-28,2025-12-01,0.5,13989.4,7348.4,油气ETF(5800股),油气ETF,[2025-12-01] 🔴 SELL 3900股 @1.770 ¥6893; [2025-12-01] 🟢 BUY 5800股 @1.097 ¥6373 (回调),64,640.0
2025-12-01,2025-12-02,0.7,14173.4,4339.8,有色金属ETF(5600股),有色金属ETF,[2025-12-02] 🔴 SELL 5800股 @1.157 ¥6701; [2025-12-02] 🟢 BUY 5600股 @1.732 ¥9709 (回调),66,660.0
2025-12-02,2025-12-03,0.5,14168.6,7141.4,煤炭ETF(6400股),煤炭ETF,[2025-12-03] 🔴 SELL 5600股 @1.753 ¥9807; [2025-12-03] 🟢 BUY 6400股 @1.093 ¥7005 (回调),68,680.0
2025-12-03,2025-12-04,0.0,14171.4,14171.4,,,[2025-12-04] 🔴 SELL 6400股 @1.100 ¥7030,69,690.0
2025-12-04,2025-12-05,0.0,14171.4,14171.4,,,—,69,690.0
2025-12-05,2025-12-08,0.5,14178.4,7148.9,银行ETF(8500股),银行ETF,[2025-12-08] 🟢 BUY 8500股 @0.825 ¥7022 (回调),70,700.0
2025-12-08,2025-12-09,0.7,14278.7,4294.1,油气ETF(8600股),油气ETF,[2025-12-09] 🔴 SELL 8500股 @0.828 ¥7028; [2025-12-09] 🟢 BUY 8600股 @1.148 ¥9883 (回调),72,720.0
2025-12-09,2025-12-10,0.7,14266.9,4520.4,通信ETF(19300股),通信ETF,[2025-12-10] 🔴 SELL 8600股 @1.144 ¥9828; [2025-12-10] 🟢 BUY 19300股 @0.497 ¥9602 (回调),74,740.0
2025-12-10,2025-12-11,0.5,14302.4,7060.4,通信ETF(14200股),通信ETF,[2025-12-11] 🔴 SELL 5100股 @0.500 ¥2540,75,750.0
2025-12-11,2025-12-12,0.5,14150.0,7101.0,化工ETF(9500股),化工ETF,[2025-12-12] 🔴 SELL 14200股 @0.498 ¥7062; [2025-12-12] 🟢 BUY 9500股 @0.738 ¥7021 (回调),77,770.0
2025-12-12,2025-12-15,0.7,14184.5,4376.0,家电ETF(6500股),家电ETF,[2025-12-15] 🔴 SELL 9500股 @0.745 ¥7068; [2025-12-15] 🟢 BUY 6500股 @1.505 ¥9792 (回调),79,790.0
2025-12-15,2025-12-16,0.7,14249.0,4373.0,国防ETF(12000股),国防ETF,[2025-12-16] 🔴 SELL 6500股 @1.498 ¥9727; [2025-12-16] 🟢 BUY 12000股 @0.810 ¥9730 (回调),81,810.0
2025-12-16,2025-12-17,0.5,14166.3,7349.4,化工ETF(9300股),化工ETF,[2025-12-17] 🔴 SELL 12000股 @0.817 ¥9794; [2025-12-17] 🟢 BUY 9300股 @0.732 ¥6818 (回调),83,830.0
2025-12-17,2025-12-18,0.7,14376.9,4335.4,化工ETF(13300股),化工ETF,[2025-12-18] 🟢 BUY 4000股 @0.751 ¥3014 (开盘),84,840.0
2025-12-18,2025-12-19,0.5,14412.1,7324.5,化工ETF(9400股),化工ETF,[2025-12-19] 🔴 SELL 3900股 @0.769 ¥2989,85,850.0
2025-12-19,2025-12-22,0.5,14553.1,7324.5,化工ETF(9400股),化工ETF,—,85,850.0
2025-12-22,2025-12-23,0.3,14669.3,10301.3,化工ETF(5600股),化工ETF,[2025-12-23] 🔴 SELL 3800股 @0.786 ¥2977,86,860.0
2025-12-23,2025-12-24,0.5,14719.4,7469.3,有色金属ETF(3900股),有色金属ETF,[2025-12-24] 🔴 SELL 5600股 @0.796 ¥4448; [2025-12-24] 🟢 BUY 3900股 @1.864 ¥7280 (回调),88,880.0
2025-12-24,2025-12-25,0.0,14678.2,14678.2,,,[2025-12-25] 🔴 SELL 3900股 @1.851 ¥7209,89,890.0
2025-12-25,2025-12-26,0.5,14679.2,7435.7,军工ETF(5500股),军工ETF,[2025-12-26] 🟢 BUY 5500股 @1.315 ¥7242 (回调),90,900.0
2025-12-26,2025-12-29,0.7,14928.5,4432.5,化工ETF(12800股),化工ETF,[2025-12-29] 🔴 SELL 5500股 @1.352 ¥7426; [2025-12-29] 🟢 BUY 12800股 @0.814 ¥10429 (回调),92,920.0
2025-12-29,2025-12-30,0.5,15085.3,7525.3,军工ETF(5600股),军工ETF,[2025-12-30] 🔴 SELL 12800股 @0.829 ¥10601; [2025-12-30] 🟢 BUY 5600股 @1.339 ¥7508 (回调),94,940.0
2025-12-30,2025-12-31,0.7,15269.8,4614.4,化工ETF(12900股),化工ETF,[2025-12-31] 🔴 SELL 5600股 @1.375 ¥7690; [2025-12-31] 🟢 BUY 12900股 @0.821 ¥10601 (回调),96,960.0
2025-12-31,2026-01-05,0.7,15308.1,4873.3,军工ETF(7600股),军工ETF,[2026-01-05] 🔴 SELL 12900股 @0.837 ¥10787; [2026-01-05] 🟢 BUY 7600股 @1.384 ¥10528 (回调),98,980.0
2026-01-05,2026-01-06,0.7,15566.5,4873.3,军工ETF(7600股),军工ETF,—,98,980.0
2026-01-06,2026-01-07,1.0,15968.8,131.1,军工ETF(10900股),军工ETF,[2026-01-07] 🟢 BUY 3300股 @1.434 ¥4742 (回调),99,990.0
2026-01-07,2026-01-08,1.0,16642.7,905.9,国防ETF(16600股),国防ETF,[2026-01-08] 🔴 SELL 10900股 @1.506 ¥16405; [2026-01-08] 🟢 BUY 16600股 @0.941 ¥15631 (开盘),101,1010.0
2026-01-08,2026-01-09,1.0,18002.5,544.5,军工ETF(11600股),军工ETF,[2026-01-09] 🔴 SELL 16600股 @1.043 ¥17304; [2026-01-09] 🟢 BUY 11600股 @1.522 ¥17665 (回调),103,1030.0
2026-01-09,2026-01-12,1.0,18721.7,544.5,军工ETF(11600股),军工ETF,—,103,1030.0
2026-01-12,2026-01-13,1.0,18742.3,138.8,传媒ETF(14500股),传媒ETF,[2026-01-13] 🔴 SELL 11600股 @1.603 ¥18585; [2026-01-13] 🟢 BUY 14500股 @1.309 ¥18990 (回调(缩)),105,1050.0
2026-01-13,2026-01-14,1.0,18829.3,138.8,传媒ETF(14500股),传媒ETF,—,105,1050.0
2026-01-14,2026-01-15,1.0,19307.8,138.8,传媒ETF(14500股),传媒ETF,—,105,1050.0
2026-01-15,2026-01-16,1.0,17943.5,74.9,有色金属ETF(8100股),有色金属ETF,[2026-01-16] 🔴 SELL 14500股 @1.217 ¥17636; [2026-01-16] 🟢 BUY 8100股 @2.184 ¥17700 (回调),107,1070.0
2026-01-16,2026-01-19,1.0,17692.4,74.9,有色金属ETF(8100股),有色金属ETF,—,107,1070.0
2026-01-19,2026-01-20,1.0,18257.7,62.1,国防ETF(17700股),国防ETF,[2026-01-20] 🔴 SELL 8100股 @2.197 ¥17786; [2026-01-20] 🟢 BUY 17700股 @1.005 ¥17798 (回调(缩)),109,1090.0
2026-01-20,2026-01-21,1.0,17948.2,308.2,化工ETF(19600股),化工ETF,[2026-01-21] 🔴 SELL 17700股 @1.005 ¥17778; [2026-01-21] 🟢 BUY 19600股 @0.894 ¥17532 (回调),111,1110.0
2026-01-21,2026-01-22,1.0,18644.2,394.9,有色金属ETF(8100股),有色金属ETF,[2026-01-22] 🔴 SELL 19600股 @0.920 ¥18022; [2026-01-22] 🟢 BUY 8100股 @2.213 ¥17935 (回调),113,1130.0
2026-01-22,2026-01-23,1.0,18984.4,165.4,化工ETF(20500股),化工ETF,[2026-01-23] 🔴 SELL 8100股 @2.300 ¥18620; [2026-01-23] 🟢 BUY 20500股 @0.919 ¥18850 (回调),115,1150.0
2026-01-23,2026-01-26,1.0,19690.9,113.3,国防ETF(18400股),国防ETF,[2026-01-26] 🔴 SELL 20500股 @0.931 ¥19076; [2026-01-26] 🟢 BUY 18400股 @1.039 ¥19128 (回调(缩)),117,1170.0
2026-01-26,2026-01-27,1.0,19721.3,409.3,有色金属ETF(8000股),有色金属ETF,[2026-01-27] 🔴 SELL 18400股 @1.045 ¥19218; [2026-01-27] 🟢 BUY 8000股 @2.364 ¥18922 (回调),119,1190.0
2026-01-27,2026-01-28,1.0,19537.3,409.3,有色金属ETF(8000股),有色金属ETF,—,119,1190.0
2026-01-28,2026-01-29,1.0,20801.3,409.3,有色金属ETF(8000股),有色金属ETF,—,119,1190.0
2026-01-29,2026-01-30,1.0,21169.3,409.3,有色金属ETF(8000股),有色金属ETF,—,119,1190.0
2026-01-30,2026-02-02,1.0,19121.3,409.3,有色金属ETF(8000股),有色金属ETF,—,119,1190.0
2026-02-02,2026-02-03,0.7,18303.3,5871.3,传媒ETF(10500股),传媒ETF,[2026-02-03] 🔴 SELL 8000股 @2.255 ¥18030; [2026-02-03] 🟢 BUY 10500股 @1.196 ¥12568 (回调),121,1210.0
2026-02-03,2026-02-04,0.7,19002.7,5669.5,通信ETF(24600股),通信ETF,[2026-02-04] 🔴 SELL 10500股 @1.208 ¥12674; [2026-02-04] 🟢 BUY 24600股 @0.523 ¥12876 (回调),123,1230.0
2026-02-04,2026-02-05,1.0,18594.7,84.3,国防ETF(18400股),国防ETF,[2026-02-05] 🔴 SELL 24600股 @0.518 ¥12733; [2026-02-05] 🟢 BUY 18400股 @0.995 ¥18318 (回调),125,1250.0
2026-02-05,2026-02-06,1.0,18465.9,84.3,国防ETF(18400股),国防ETF,—,125,1250.0
2026-02-06,2026-02-09,0.7,18356.5,5661.7,化工ETF(14200股),化工ETF,[2026-02-09] 🔴 SELL 18400股 @0.998 ¥18353; [2026-02-09] 🟢 BUY 14200股 @0.899 ¥12776 (回调),127,1270.0
2026-02-09,2026-02-10,1.0,18346.3,694.9,传媒ETF(14600股),传媒ETF,[2026-02-10] 🔴 SELL 14200股 @0.906 ¥12855; [2026-02-10] 🟢 BUY 14600股 @1.220 ¥17822 (回调),129,1290.0
2026-02-10,2026-02-11,1.0,19149.3,694.9,传媒ETF(14600股),传媒ETF,—,129,1290.0
2026-02-11,2026-02-12,1.0,18623.7,694.9,传媒ETF(14600股),传媒ETF,—,129,1290.0
2026-02-12,2026-02-13,1.0,18993.9,78.7,稀土ETF(18400股),稀土ETF,[2026-02-13] 🔴 SELL 14600股 @1.227 ¥17904; [2026-02-13] 🟢 BUY 18400股 @1.006 ¥18520 (回调(缩)),131,1310.0
2026-02-13,2026-02-24,1.0,19329.6,74.7,传媒ETF(15900股),传媒ETF,[2026-02-24] 🔴 SELL 18400股 @1.024 ¥18832; [2026-02-24] 🟢 BUY 15900股 @1.184 ¥18836 (回调(缩)),133,1330.0
2026-02-24,2026-02-25,1.0,18776.2,225.2,油气ETF(13000股),油气ETF,[2026-02-25] 🔴 SELL 15900股 @1.175 ¥18672; [2026-02-25] 🟢 BUY 13000股 @1.424 ¥18522 (回调),135,1350.0
2026-02-25,2026-02-26,1.0,18925.2,36.0,化工ETF(19800股),化工ETF,[2026-02-26] 🔴 SELL 13000股 @1.440 ¥18710; [2026-02-26] 🟢 BUY 19800股 @0.954 ¥18899 (回调),137,1370.0
2026-02-26,2026-02-27,1.0,19142.8,721.6,稀土ETF(17200股),稀土ETF,[2026-02-27] 🔴 SELL 19800股 @0.966 ¥19117; [2026-02-27] 🟢 BUY 17200股 @1.071 ¥18431 (回调),139,1390.0
2026-02-27,2026-03-02,1.0,19865.2,721.6,稀土ETF(17200股),稀土ETF,—,139,1390.0
2026-03-02,2026-03-03,1.0,18764.0,1397.6,油气ETF(10800股),油气ETF,[2026-03-03] 🔴 SELL 17200股 @1.074 ¥18463; [2026-03-03] 🟢 BUY 10800股 @1.646 ¥17787 (回调),141,1410.0
2026-03-03,2026-03-04,0.7,20341.6,6020.8,油气ETF(8100股),油气ETF,[2026-03-04] 🔴 SELL 2700股 @1.716 ¥4623,142,1420.0
2026-03-04,2026-03-05,0.5,19462.7,9817.3,油气ETF(5800股),油气ETF,[2026-03-05] 🔴 SELL 2300股 @1.655 ¥3796,143,1430.0
2026-03-05,2026-03-06,0.7,19375.5,5854.8,油气ETF(8300股),油气ETF,[2026-03-06] 🟢 BUY 2500股 @1.581 ¥3962 (回调),144,1440.0
2026-03-06,2026-03-09,0.7,19101.6,5854.8,油气ETF(8300股),油气ETF,—,144,1440.0
2026-03-09,2026-03-10,0.5,19067.0,9419.0,油气ETF(6000股),油气ETF,[2026-03-10] 🔴 SELL 2300股 @1.554 ¥3564,145,1450.0
2026-03-10,2026-03-11,0.5,18766.0,9688.9,电力ETF(7900股),电力ETF,[2026-03-11] 🔴 SELL 6000股 @1.548 ¥9278; [2026-03-11] 🟢 BUY 7900股 @1.139 ¥9008 (回调),147,1470.0
2026-03-11,2026-03-12,0.5,18995.1,9688.9,电力ETF(7900股),电力ETF,—,147,1470.0
2026-03-12,2026-03-13,0.5,19208.4,9688.9,电力ETF(7900股),电力ETF,—,147,1470.0
2026-03-13,2026-03-16,0.5,19003.0,9688.9,电力ETF(7900股),电力ETF,—,147,1470.0
2026-03-16,2026-03-17,0.5,18935.4,9437.0,油气ETF(6200股),油气ETF,[2026-03-17] 🔴 SELL 7900股 @1.151 ¥9083; [2026-03-17] 🟢 BUY 6200股 @1.504 ¥9335 (回调),149,1490.0
2026-03-17,2026-03-18,0.0,18727.0,18727.0,,,[2026-03-18] 🔴 SELL 6200股 @1.500 ¥9290,150,1500.0
2026-03-18,2026-03-19,0.0,18727.0,18727.0,,,—,150,1500.0
2026-03-19,2026-03-20,0.0,18727.0,18727.0,,,—,150,1500.0
2026-03-20,2026-03-23,0.0,18727.0,18727.0,,,—,150,1500.0
2026-03-23,2026-03-24,0.0,18727.0,18727.0,,,—,150,1500.0
2026-03-24,2026-03-25,0.0,18727.0,18727.0,,,—,150,1500.0
2026-03-25,2026-03-26,0.0,18727.0,18727.0,,,—,150,1500.0
2026-03-26,2026-03-27,0.3,18820.4,13232.1,电力ETF(4700股),电力ETF,[2026-03-27] 🟢 BUY 4700股 @1.167 ¥5495 (回调),151,1510.0
2026-03-27,2026-03-30,0.0,18631.8,18631.8,,,[2026-03-30] 🔴 SELL 4700股 @1.151 ¥5400,152,1520.0
2026-03-30,2026-03-31,0.0,18631.8,18631.8,,,—,152,1520.0
2026-03-31,2026-04-01,0.0,18631.8,18631.8,,,—,152,1520.0
2026-04-01,2026-04-02,0.0,18631.8,18631.8,,,—,152,1520.0
2026-04-02,2026-04-03,0.0,18631.8,18631.8,,,—,152,1520.0
2026-04-03,2026-04-07,0.0,18631.8,18631.8,,,—,152,1520.0
2026-04-07,2026-04-08,0.0,18631.8,18631.8,,,—,152,1520.0
2026-04-08,2026-04-09,0.7,18687.2,5585.4,煤炭ETF(10900股),煤炭ETF,[2026-04-09] 🟢 BUY 10900股 @1.196 ¥13046 (回调),153,1530.0
2026-04-09,2026-04-10,0.5,18746.2,9472.6,油气ETF(6300股),油气ETF,[2026-04-10] 🔴 SELL 10900股 @1.200 ¥13070; [2026-04-10] 🟢 BUY 6300股 @1.456 ¥9183 (回调),155,1550.0
2026-04-10,2026-04-13,0.5,18836.0,9487.7,通信ETF(15300股),通信ETF,[2026-04-13] 🔴 SELL 6300股 @1.470 ¥9251; [2026-04-13] 🟢 BUY 15300股 @0.603 ¥9236 (回调),157,1570.0
2026-04-13,2026-04-14,0.5,18790.1,9487.7,通信ETF(15300股),通信ETF,—,157,1570.0
2026-04-14,2026-04-15,0.7,19007.1,5677.1,通信ETF(21500股),通信ETF,[2026-04-15] 🟢 BUY 6200股 @0.613 ¥3811 (回调),158,1580.0
2026-04-15,2026-04-16,0.5,18927.0,9655.0,通信ETF(15200股),通信ETF,[2026-04-16] 🔴 SELL 6300股 @0.633 ¥3978,159,1590.0
2026-04-16,2026-04-17,0.7,19261.4,9655.0,通信ETF(15200股),通信ETF,—,159,1590.0
2026-04-17,2026-04-20,0.7,19732.6,9655.0,通信ETF(15200股),通信ETF,—,159,1590.0
2026-04-20,2026-04-21,0.7,19854.2,9655.0,通信ETF(15200股),通信ETF,—,159,1590.0
2026-04-21,2026-04-22,1.0,19895.4,628.2,通信ETF(28800股),通信ETF,[2026-04-22] 🟢 BUY 13600股 @0.663 ¥9027 (回调),160,1600.0
2026-04-22,2026-04-23,1.0,20989.8,628.2,通信ETF(28800股),通信ETF,—,160,1600.0
2026-04-23,2026-04-24,0.7,20576.6,6058.2,通信ETF(20800股),通信ETF,[2026-04-24] 🔴 SELL 8000股 @0.680 ¥5430,161,1610.0
2026-04-24,2026-04-27,0.7,19994.2,6058.2,通信ETF(20800股),通信ETF,—,161,1610.0
2026-04-27,2026-04-28,0.7,20160.6,6058.2,通信ETF(20800股),通信ETF,—,161,1610.0
2026-04-28,2026-04-29,0.7,19869.4,6058.2,通信ETF(20800股),通信ETF,—,161,1610.0
2026-04-29,2026-04-30,1.0,20023.4,167.9,新能源车ETF(9300股),新能源车ETF,[2026-04-30] 🔴 SELL 20800股 @0.667 ¥13864; [2026-04-30] 🟢 BUY 9300股 @2.123 ¥19754 (回调),163,1630.0
2026-04-30,2026-05-06,1.0,20101.2,265.5,人工智能ETF(11100股),人工智能ETF,[2026-05-06] 🔴 SELL 9300股 @2.204 ¥20487; [2026-05-06] 🟢 BUY 11100股 @1.836 ¥20390 (回调),165,1650.0
2026-05-06,2026-05-07,1.0,20811.6,265.5,人工智能ETF(11100股),人工智能ETF,—,165,1650.0
2026-05-07,2026-05-08,1.0,21643.9,646.0,通信ETF(29700股),通信ETF,[2026-05-08] 🔴 SELL 11100股 @1.893 ¥21002; [2026-05-08] 🟢 BUY 29700股 @0.694 ¥20622 (回调),167,1670.0
2026-05-08,2026-05-11,1.0,21881.5,646.0,通信ETF(29700股),通信ETF,—,167,1670.0
2026-05-11,2026-05-12,1.0,22683.4,646.0,通信ETF(29700股),通信ETF,—,167,1670.0
2026-05-12,2026-05-13,1.0,22950.7,646.0,通信ETF(29700股),通信ETF,—,167,1670.0
2026-05-13,2026-05-14,1.0,23782.3,646.0,通信ETF(29700股),通信ETF,—,167,1670.0
2026-05-14,2026-05-15,1.0,23574.4,646.0,通信ETF(29700股),通信ETF,—,167,1670.0
2026-05-15,2026-05-18,1.0,22921.0,646.0,通信ETF(29700股),通信ETF,—,167,1670.0
2026-05-18,2026-05-19,1.0,23188.3,646.0,通信ETF(29700股),通信ETF,—,167,1670.0
2026-05-19,2026-05-20,1.0,23423.8,1251.0,半导体ETF(20800股),半导体ETF,[2026-05-20] 🔴 SELL 29700股 @0.762 ¥22621; [2026-05-20] 🟢 BUY 20800股 @1.058 ¥22016 (回调),169,1690.0
2026-05-20,2026-05-21,1.0,24422.2,1251.0,半导体ETF(20800股),半导体ETF,—,169,1690.0
2026-05-21,2026-05-22,1.0,24084.5,667.4,芯片ETF(18900股),芯片ETF,[2026-05-22] 🔴 SELL 20800股 @1.096 ¥22787; [2026-05-22] 🟢 BUY 18900股 @1.236 ¥23370 (回调),171,1710.0
2026-05-22,2026-05-25,1.0,24632.6,667.4,芯片ETF(18900股),芯片ETF,—,171,1710.0
2026-05-25,2026-05-26,1.0,26447.0,667.4,芯片ETF(18900股),芯片ETF,—,171,1710.0
2026-05-26,2026-05-27,1.0,26258.0,667.4,芯片ETF(18900股),芯片ETF,—,171,1710.0
2026-05-27,2026-05-28,1.0,25539.8,667.4,芯片ETF(18900股),芯片ETF,—,171,1710.0
2026-05-28,2026-05-29,1.0,25596.5,667.4,芯片ETF(18900股),芯片ETF,—,171,1710.0
2026-05-29,2026-06-01,1.0,24156.3,67.8,通信ETF(30300股),通信ETF,[2026-06-01] 🔴 SELL 18900股 @1.215 ¥22954; [2026-06-01] 🟢 BUY 30300股 @0.777 ¥23553 (回调(缩)),173,1730.0
2026-06-01,2026-06-02,1.0,25061.1,611.4,半导体ETF(23900股),半导体ETF,[2026-06-02] 🔴 SELL 30300股 @0.820 ¥24836; [2026-06-02] 🟢 BUY 23900股 @1.016 ¥24292 (回调),175,1750.0
2026-06-02,2026-06-03,1.0,26091.5,733.5,通信ETF(31000股),通信ETF,[2026-06-03] 🔴 SELL 23900股 @1.089 ¥26017; [2026-06-03] 🟢 BUY 31000股 @0.835 ¥25895 (开盘),177,1770.0
2026-06-03,2026-06-04,1.0,27331.5,733.5,通信ETF(31000股),通信ETF,—,177,1770.0
2026-06-04,2026-06-05,1.0,28431.5,95.5,芯片ETF(22400股),芯片ETF,[2026-06-05] 🔴 SELL 31000股 @0.858 ¥26588; [2026-06-05] 🟢 BUY 22400股 @1.215 ¥27226 (回调(缩)),179,1790.0
2026-06-05,2026-06-08,1.0,27495.9,372.7,通信ETF(32600股),通信ETF,[2026-06-08] 🔴 SELL 22400股 @1.163 ¥26041; [2026-06-08] 🟢 BUY 32600股 @0.790 ¥25764 (开盘),181,1810.0
2026-06-08,2026-06-09,1.0,26485.3,372.7,通信ETF(32600股),通信ETF,—,181,1810.0
2026-06-09,2026-06-10,1.0,28017.5,372.7,通信ETF(32600股),通信ETF,—,181,1810.0
2026-06-10,2026-06-11,1.0,26941.7,372.7,通信ETF(32600股),通信ETF,—,181,1810.0
2026-06-11,2026-06-12,1.0,26436.3,24.3,半导体ETF(24800股),半导体ETF,[2026-06-12] 🔴 SELL 32600股 @0.810 ¥26396; [2026-06-12] 🟢 BUY 24800股 @1.078 ¥26744 (回调(缩)),183,1830.0
2026-06-12,2026-06-15,1.0,26138.7,24.3,半导体ETF(24800股),半导体ETF,—,183,1830.0
2026-06-15,2026-06-16,1.0,27701.1,24.3,半导体ETF(24800股),半导体ETF,—,183,1830.0
2026-06-16,2026-06-17,1.0,27973.9,24.3,半导体ETF(24800股),半导体ETF,—,183,1830.0
2026-06-17,2026-06-18,1.0,29635.5,24.3,半导体ETF(24800股),半导体ETF,—,183,1830.0
2026-06-18,2026-06-22,1.0,31546.8,993.2,芯片ETF(21700股),芯片ETF,[2026-06-22] 🔴 SELL 24800股 @1.278 ¥31684; [2026-06-22] 🟢 BUY 21700股 @1.415 ¥30716 (回调),185,1850.0
2026-06-22,2026-06-23,1.0,32675.2,993.2,芯片ETF(21700股),芯片ETF,—,185,1850.0
2026-06-23,2026-06-24,1.0,34183.1,2280.7,半导体ETF(25400股),半导体ETF,[2026-06-24] 🔴 SELL 21700股 @1.507 ¥32692; [2026-06-24] 🟢 BUY 25400股 @1.236 ¥31404 (回调),187,1870.0
2026-06-24,2026-06-25,1.0,35961.1,2280.7,半导体ETF(25400股),半导体ETF,—,187,1870.0
2026-06-25,2026-06-26,1.0,38742.7,630.7,芯片ETF(24000股),芯片ETF,[2026-06-26] 🔴 SELL 25400股 @1.390 ¥35296; [2026-06-26] 🟢 BUY 24000股 @1.539 ¥36946 (回调),189,1890.0
2026-06-26,2026-06-29,1.0,40435.1,2512.7,半导体ETF(27600股),半导体ETF,[2026-06-29] 🔴 SELL 24000股 @1.649 ¥39566; [2026-06-29] 🟢 BUY 27600股 @1.365 ¥37684 (回调),191,1910.0
2026-06-29,2026-06-30,1.0,44469.3,1760.2,芯片ETF(25900股),芯片ETF,[2026-06-30] 🔴 SELL 27600股 @1.504 ¥41500; [2026-06-30] 🟢 BUY 25900股 @1.631 ¥42253 (回调),193,1930.0
2026-06-30,2026-07-01,1.0,46765.3,22.0,半导体ETF(31100股),半导体ETF,[2026-07-01] 🔴 SELL 25900股 @1.706 ¥44175; [2026-07-01] 🟢 BUY 31100股 @1.476 ¥45914 (回调(缩)),195,1950.0
2026-07-01,2026-07-02,1.0,45801.2,22.0,半导体ETF(31100股),半导体ETF,—,195,1950.0
2026-07-02,2026-07-03,0.5,42106.2,21181.2,半导体ETF(15500股),半导体ETF,[2026-07-03] 🔴 SELL 15600股 @1.357 ¥21159,196,1960.0
2026-07-03,2026-07-06,0.5,41811.7,21181.2,半导体ETF(15500股),半导体ETF,—,196,1960.0
2026-07-06,2026-07-07,0.5,41858.2,21181.2,半导体ETF(15500股),半导体ETF,—,196,1960.0
2026-07-07,2026-07-08,0.3,42524.2,29765.7,芯片ETF(8500股),芯片ETF,[2026-07-08] 🔴 SELL 15500股 @1.364 ¥21132; [2026-07-08] 🟢 BUY 8500股 @1.475 ¥12548 (回调),198,1980.0
2026-07-08,2026-07-09,0.3,43569.2,31652.1,半导体ETF(8900股),半导体ETF,[2026-07-09] 🔴 SELL 8500股 @1.642 ¥13947; [2026-07-09] 🟢 BUY 8900股 @1.354 ¥12061 (回调),200,2000.0
2026-07-09,2026-07-10,0.3,44809.6,30688.4,芯片ETF(8600股),芯片ETF,[2026-07-10] 🔴 SELL 8900股 @1.441 ¥12815; [2026-07-10] 🟢 BUY 8600股 @1.601 ¥13779 (回调),202,2020.0
2026-07-10,2026-07-13,0.3,44232.0,30405.1,半导体ETF(10100股),半导体ETF,[2026-07-13] 🔴 SELL 8600股 @1.502 ¥12907; [2026-07-13] 🟢 BUY 10100股 @1.305 ¥13190 (回调),204,2040.0
2026-07-13,2026-07-14,0.3,44014.7,31184.3,芯片ETF(8800股),芯片ETF,[2026-07-14] 🔴 SELL 10100股 @1.312 ¥13241; [2026-07-14] 🟢 BUY 8800股 @1.415 ¥12462 (回调),206,2060.0
2026-07-14,2026-07-15,0.5,44493.9,21211.5,半导体ETF(17800股),半导体ETF,[2026-07-15] 🔴 SELL 8800股 @1.450 ¥12750; [2026-07-15] 🟢 BUY 17800股 @1.276 ¥22723 (回调),208,2080.0
2026-07-15,2026-07-16,0.5,43090.9,21750.1,创新药ETF(31200股),创新药ETF,[2026-07-16] 🔴 SELL 17800股 @1.197 ¥21297; [2026-07-16] 🟢 BUY 31200股 @0.665 ¥20758 (回调),210,2100.0
2026-07-16,2026-07-17,0.0,42082.5,42082.5,,,[2026-07-17] 🔴 SELL 31200股 @0.652 ¥20332,211,2110.0
2026-07-17,2026-07-20,0.0,42082.5,42082.5,,,—,211,2110.0
2026-07-20,2026-07-21,0.0,42082.5,42082.5,,,—,211,2110.0
2026-07-21,2026-07-22,0.0,42082.5,42082.5,,,—,211,2110.0
2026-07-22,2026-07-23,0.0,42082.5,42082.5,,,—,211,2110.0
2026-07-23,2026-07-24,0.0,42082.5,42082.5,,,—,211,2110.0
