时间,代码,方向,股数,价格,成交额,佣金,过户费,总费用,净额,原因,运行ID
2026-07-24 23:30:55,510300,BUY,1700,4.7,7990,5.0,0.08,5.08,7995.08,动量信号,20260724_233055
2026-07-24 23:30:55,510300,SELL,1700,4.8,8160,5.0,0.08,5.08,8154.92,信号转空,20260724_233055
2026-07-24 23:31:06,159915,BUY,3200,2.5,8000,5,0,5,8005,追加测试,20260724_233106
2026-07-24 23:42:04,510300,BUY,200,4.481,0,0,0,0,0,策略信号,20260724_234151
2026-07-24 23:42:04,159915,BUY,300,3.062,0,0,0,0,0,策略信号,20260724_234151
2026-07-24 23:42:04,588000,BUY,700,1.431,0,0,0,0,0,策略信号,20260724_234151
2026-07-24 23:42:04,512480,BUY,1500,0.705,0,0,0,0,0,策略信号,20260724_234151
2026-07-24 23:42:04,159995,BUY,1200,0.852,0,0,0,0,0,策略信号,20260724_234151
2026-07-24 23:42:04,518880,BUY,100,7.898,0,0,0,0,0,策略信号,20260724_234151
2026-07-24 23:42:04,515880,BUY,2400,0.447,0,0,0,0,0,策略信号,20260724_234151
2026-07-24 23:42:04,588000,BUY,100,1.479,0,0,0,0,0,策略信号,20260724_234151
2026-07-24 23:42:04,512480,BUY,200,0.731,0,0,0,0,0,策略信号,20260724_234151
2026-07-24 23:42:04,159995,BUY,100,0.885,0,0,0,0,0,策略信号,20260724_234151
2026-07-24 23:42:04,515880,BUY,300,0.452,0,0,0,0,0,策略信号,20260724_234151
2026-07-24 23:42:04,512480,BUY,100,0.734,0,0,0,0,0,策略信号,20260724_234151
2026-07-24 23:42:04,159995,BUY,100,0.884,0,0,0,0,0,策略信号,20260724_234151
2026-07-24 23:42:04,515880,BUY,100,0.456,0,0,0,0,0,策略信号,20260724_234151
2026-07-24 23:42:04,515880,BUY,100,0.453,0,0,0,0,0,策略信号,20260724_234151
2026-07-24 23:42:04,515880,BUY,100,0.463,0,0,0,0,0,策略信号,20260724_234151
2026-07-24 23:42:04,515880,BUY,100,0.449,0,0,0,0,0,策略信号,20260724_234151
2026-07-24 23:42:05,515880,SELL,3100,0.406,0,0,0,0,0,信号SELL,20260724_234151
2026-07-24 23:42:05,588000,BUY,100,1.481,0,0,0,0,0,策略信号,20260724_234151
2026-07-24 23:42:05,512480,BUY,300,0.735,0,0,0,0,0,策略信号,20260724_234151
2026-07-24 23:42:05,159995,BUY,200,0.874,0,0,0,0,0,策略信号,20260724_234151
2026-07-24 23:42:05,159915,SELL,300,3.003,0,0,0,0,0,信号SELL,20260724_234151
2026-07-24 23:42:05,588000,BUY,200,1.501,0,0,0,0,0,策略信号,20260724_234151
2026-07-24 23:42:05,512480,BUY,400,0.746,0,0,0,0,0,策略信号,20260724_234151
2026-07-24 23:42:05,159995,BUY,400,0.889,0,0,0,0,0,策略信号,20260724_234151
2026-07-24 23:42:05,588000,BUY,100,1.487,0,0,0,0,0,策略信号,20260724_234151
2026-07-24 23:42:05,512480,BUY,200,0.742,0,0,0,0,0,策略信号,20260724_234151
2026-07-24 23:42:05,159995,BUY,100,0.884,0,0,0,0,0,策略信号,20260724_234151
2026-07-24 23:42:05,588000,SELL,1200,1.433,0,0,0,0,0,信号SELL,20260724_234151
2026-07-24 23:42:05,159995,SELL,2100,0.852,0,0,0,0,0,信号SELL,20260724_234151
2026-07-24 23:42:05,510300,BUY,200,4.501,0,0,0,0,0,策略信号,20260724_234151
2026-07-24 23:42:05,512480,BUY,1700,0.712,0,0,0,0,0,策略信号,20260724_234151
2026-07-24 23:42:05,518880,BUY,100,9.568,0,0,0,0,0,策略信号,20260724_234151
2026-07-24 23:42:05,510300,SELL,400,4.517,0,0,0,0,0,信号SELL,20260724_234151
2026-07-24 23:42:05,512480,SELL,4400,0.717,0,0,0,0,0,信号SELL,20260724_234151
2026-07-24 23:42:05,518880,BUY,600,9.268,0,0,0,0,0,策略信号,20260724_234151
2026-07-24 23:42:05,515880,BUY,200,0.463,0,0,0,0,0,策略信号,20260724_234151
2026-07-24 23:42:05,515880,BUY,100,0.486,0,0,0,0,0,策略信号,20260724_234151
2026-07-24 23:42:06,518880,SELL,800,8.704,0,0,0,0,0,信号SELL,20260724_234151
2026-07-24 23:42:06,510300,BUY,200,4.7,0,0,0,0,0,策略信号,20260724_234151
2026-07-24 23:42:06,159915,BUY,300,3.239,0,0,0,0,0,策略信号,20260724_234151
2026-07-24 23:42:06,588000,BUY,700,1.535,0,0,0,0,0,策略信号,20260724_234151
2026-07-24 23:42:06,512480,BUY,1400,0.76,0,0,0,0,0,策略信号,20260724_234151
2026-07-24 23:42:06,159995,BUY,1200,0.92,0,0,0,0,0,策略信号,20260724_234151
2026-07-24 23:42:06,515880,BUY,2300,0.478,0,0,0,0,0,策略信号,20260724_234151
2026-07-24 23:42:06,512480,BUY,100,0.733,0,0,0,0,0,策略信号,20260724_234151
2026-07-24 23:42:06,159995,BUY,100,0.883,0,0,0,0,0,策略信号,20260724_234151
2026-07-24 23:42:06,515880,BUY,200,0.453,0,0,0,0,0,策略信号,20260724_234151
2026-07-24 23:42:06,512480,BUY,100,0.726,0,0,0,0,0,策略信号,20260724_234151
2026-07-24 23:42:06,159995,BUY,100,0.872,0,0,0,0,0,策略信号,20260724_234151
2026-07-24 23:42:06,515880,BUY,100,0.457,0,0,0,0,0,策略信号,20260724_234151
2026-07-24 23:42:06,588000,SELL,700,1.455,0,0,0,0,0,信号SELL,20260724_234151
2026-07-24 23:42:06,512480,SELL,1600,0.718,0,0,0,0,0,信号SELL,20260724_234151
2026-07-24 23:42:06,159995,SELL,1400,0.87,0,0,0,0,0,信号SELL,20260724_234151
2026-07-24 23:42:06,510300,BUY,200,4.606,0,0,0,0,0,策略信号,20260724_234151
2026-07-24 23:42:06,159915,BUY,300,3.112,0,0,0,0,0,策略信号,20260724_234151
2026-07-24 23:42:06,515880,BUY,2600,0.451,0,0,0,0,0,策略信号,20260724_234151
2026-07-24 23:42:06,515880,BUY,400,0.449,0,0,0,0,0,策略信号,20260724_234151
2026-07-24 23:42:06,515880,BUY,300,0.46,0,0,0,0,0,策略信号,20260724_234151
2026-07-24 23:42:06,515880,BUY,200,0.455,0,0,0,0,0,策略信号,20260724_234151
2026-07-24 23:42:06,515880,BUY,100,0.45,0,0,0,0,0,策略信号,20260724_234151
2026-07-24 23:42:06,515880,SELL,6500,0.436,0,0,0,0,0,信号SELL,20260724_234151
2026-07-24 23:42:06,510300,BUY,300,4.64,0,0,0,0,0,策略信号,20260724_234151
2026-07-24 23:42:06,159915,BUY,400,3.113,0,0,0,0,0,策略信号,20260724_234151
2026-07-24 23:42:06,159915,SELL,1000,3.093,0,0,0,0,0,信号SELL,20260724_234151
2026-07-24 23:42:06,510300,BUY,700,4.618,0,0,0,0,0,策略信号,20260724_234151
2026-07-24 23:42:06,510300,SELL,1400,4.587,0,0,0,0,0,信号SELL,20260724_234151
2026-07-24 23:42:06,518880,BUY,700,8.882,0,0,0,0,0,策略信号,20260724_234151
2026-07-24 23:42:07,515880,BUY,400,0.46,0,0,0,0,0,策略信号,20260724_234151
2026-07-24 23:42:07,515880,BUY,200,0.456,0,0,0,0,0,策略信号,20260724_234151
2026-07-24 23:42:07,515880,SELL,600,0.46,0,0,0,0,0,信号SELL,20260724_234151
2026-07-24 23:42:07,515880,BUY,400,0.465,0,0,0,0,0,策略信号,20260724_234151
2026-07-24 23:42:08,515880,BUY,100,0.49,0,0,0,0,0,策略信号,20260724_234151
2026-07-24 23:42:08,515880,BUY,100,0.505,0,0,0,0,0,策略信号,20260724_234151
2026-07-24 23:42:08,515880,BUY,100,0.49,0,0,0,0,0,策略信号,20260724_234151
2026-07-24 23:42:10,515880,SELL,700,0.529,0,0,0,0,0,信号SELL,20260724_234151
2026-07-24 23:42:10,515880,BUY,100,0.533,0,0,0,0,0,策略信号,20260724_234151
2026-07-24 23:42:10,515880,BUY,100,0.527,0,0,0,0,0,策略信号,20260724_234151
2026-07-24 23:42:10,515880,BUY,100,0.545,0,0,0,0,0,策略信号,20260724_234151
2026-07-24 23:42:10,515880,BUY,100,0.542,0,0,0,0,0,策略信号,20260724_234151
2026-07-24 23:42:10,515880,BUY,100,0.526,0,0,0,0,0,策略信号,20260724_234151
2026-07-24 23:42:11,515880,BUY,100,0.513,0,0,0,0,0,策略信号,20260724_234151
2026-07-24 23:42:11,518880,SELL,700,10.357,0,0,0,0,0,信号SELL,20260724_234151
2026-07-24 23:42:11,515880,SELL,600,0.509,0,0,0,0,0,信号SELL,20260724_234151
2026-07-24 23:42:11,518880,BUY,600,10.719,0,0,0,0,0,策略信号,20260724_234151
2026-07-24 23:42:11,518880,BUY,100,10.669,0,0,0,0,0,策略信号,20260724_234151
2026-07-24 23:42:12,515880,BUY,100,0.533,0,0,0,0,0,策略信号,20260724_234151
2026-07-24 23:42:12,518880,SELL,700,10.664,0,0,0,0,0,信号SELL,20260724_234151
2026-07-24 23:42:12,159915,BUY,1000,3.349,0,0,0,0,0,策略信号,20260724_234151
2026-07-24 23:42:12,515880,BUY,6600,0.54,0,0,0,0,0,策略信号,20260724_234151
2026-07-24 23:42:12,515880,SELL,6700,0.512,0,0,0,0,0,信号SELL,20260724_234151
2026-07-24 23:42:12,159915,BUY,1100,3.273,0,0,0,0,0,策略信号,20260724_234151
2026-07-24 23:42:12,159915,BUY,100,3.338,0,0,0,0,0,策略信号,20260724_234151
2026-07-24 23:42:13,159915,SELL,2200,3.237,0,0,0,0,0,信号SELL,20260724_234151
2026-07-24 23:42:13,515880,BUY,12600,0.542,0,0,0,0,0,策略信号,20260724_234151
2026-07-24 23:42:13,515880,BUY,600,0.534,0,0,0,0,0,策略信号,20260724_234151
2026-07-24 23:42:18,515880,SELL,13200,0.788,0,0,0,0,0,信号SELL,20260724_234151
2026-07-24 23:42:18,510300,BUY,400,4.85,0,0,0,0,0,策略信号,20260724_234151
2026-07-24 23:42:18,159915,BUY,400,4.036,0,0,0,0,0,策略信号,20260724_234151
2026-07-24 23:42:18,588000,BUY,900,2.119,0,0,0,0,0,策略信号,20260724_234151
2026-07-24 23:42:18,512480,BUY,1400,1.35,0,0,0,0,0,策略信号,20260724_234151
2026-07-24 23:42:18,159995,BUY,1300,1.51,0,0,0,0,0,策略信号,20260724_234151
2026-07-24 23:42:18,512480,BUY,100,1.331,0,0,0,0,0,策略信号,20260724_234151
2026-07-24 23:42:18,159995,BUY,100,1.5,0,0,0,0,0,策略信号,20260724_234151
2026-07-24 23:42:18,512480,BUY,100,1.334,0,0,0,0,0,策略信号,20260724_234151
2026-07-24 23:42:18,159995,BUY,100,1.505,0,0,0,0,0,策略信号,20260724_234151
2026-07-24 23:42:18,510300,SELL,400,4.826,0,0,0,0,0,信号SELL,20260724_234151
2026-07-24 23:42:18,159915,SELL,400,3.932,0,0,0,0,0,信号SELL,20260724_234151
2026-07-24 23:42:18,588000,BUY,500,2.126,0,0,0,0,0,策略信号,20260724_234151
2026-07-24 23:42:18,512480,BUY,900,1.336,0,0,0,0,0,策略信号,20260724_234151
2026-07-24 23:42:18,159995,BUY,800,1.501,0,0,0,0,0,策略信号,20260724_234151
2026-07-24 23:42:18,512480,BUY,100,1.339,0,0,0,0,0,策略信号,20260724_234151
2026-07-24 23:42:18,159995,BUY,100,1.493,0,0,0,0,0,策略信号,20260724_234151
2026-07-24 23:42:18,512480,SELL,2600,1.232,0,0,0,0,0,信号SELL,20260724_234151
2026-07-24 23:42:18,159995,SELL,2400,1.397,0,0,0,0,0,信号SELL,20260724_234151
2026-07-24 23:42:18,588000,BUY,3100,2.028,0,0,0,0,0,策略信号,20260724_234151
2026-07-24 23:42:19,588000,SELL,4500,1.945,0,0,0,0,0,信号SELL,20260724_234151
